class,precision,recall,f1-score,accuracy,support,samples_per_class,fold,model
B,0.46007921617677716,0.6811728395061728,0.5492099041931069,0.8739650734015167,3240.0,30,4,MAPS
CD4 T,0.6998403406067057,0.3508537886872999,0.4673893726674959,0.7914840325610519,7496.0,30,4,MAPS
CD8 T,0.7627024008933556,0.3887307911212294,0.5149858623939679,0.9104918945244556,3514.0,30,4,MAPS
DC,0.2788033099936346,0.22729631551634666,0.25042881646655235,0.9087873095387184,1927.0,30,4,MAPS
Endothelial,0.6668426610348469,0.7254451464675474,0.694910591471802,0.9614207194044389,1741.0,30,4,MAPS
Epithelial,0.1864406779661017,0.66,0.2907488986784141,0.9495929868503444,450.0,30,4,MAPS
Lymphatic,0.4651639344262295,0.6021220159151194,0.5248554913294798,0.9714047171780421,754.0,30,4,MAPS
M1,0.3136645962732919,0.48870967741935484,0.3820933165195461,0.9659083002852571,620.0,30,4,MAPS
M2,0.5702290076335877,0.5126973232669869,0.5399349475966752,0.9557155778195228,1457.0,30,4,MAPS
Mast,0.5738068812430632,0.7774436090225564,0.6602809706257983,0.981493077297711,665.0,30,4,MAPS
Monocyte,0.3648068669527897,0.18451519536903038,0.24507448342143204,0.9453489181103458,1382.0,30,4,MAPS
NK,0.5445544554455446,0.5994550408719346,0.5706874189364461,0.9539414179364085,1468.0,30,4,MAPS
Neutrophil,0.41923076923076924,0.6337209302325582,0.5046296296296297,0.9702219439226327,688.0,30,4,MAPS
Other,0.26039016115351993,0.6013712047012733,0.3634211305119858,0.9251721978710081,1021.0,30,4,MAPS
Treg,0.3015241882041087,0.6780923994038748,0.4174311926605505,0.9558199401655882,671.0,30,4,MAPS
Tumor,0.6725978647686833,0.8008474576271186,0.7311411992263056,0.9661518124260766,1652.0,30,4,MAPS
overall,0.4712923332501881,0.5570296084455252,0.48170145164557426,0.49345995964655953,,30,4,MAPS
B,0.5621975519499004,0.6095679012345679,0.5849252184214424,0.9024907813260975,3240.0,30,3,MAPS
CD4 T,0.6547406082289803,0.19530416221985059,0.3008631319358816,0.7633061991233563,7496.0,30,3,MAPS
CD8 T,0.5310030395136778,0.4971542401821286,0.5135214579659024,0.8848535448410214,3514.0,30,3,MAPS
DC,0.2617866004962779,0.3284898806434873,0.29136939010356727,0.8928894454880679,1927.0,30,3,MAPS
Endothelial,0.6692307692307692,0.7495692130959218,0.707125440260092,0.9623947679677173,1741.0,30,3,MAPS
Epithelial,0.14589041095890412,0.47333333333333333,0.2230366492146597,0.9483754261462465,450.0,30,3,MAPS
Lymphatic,0.6916548797736917,0.6485411140583555,0.6694045174537988,0.9831976622834482,754.0,30,3,MAPS
M1,0.2369439071566731,0.3951612903225806,0.2962515114873035,0.9595074097265707,620.0,30,3,MAPS
M2,0.5284015852047557,0.5490734385724091,0.5385392123864019,0.9523064078480484,1457.0,30,3,MAPS
Mast,0.5491990846681922,0.7218045112781954,0.6237816764132553,0.9798580672093509,665.0,30,3,MAPS
Monocyte,0.36575178997613367,0.4435600578871201,0.4009156311314585,0.9362693940026439,1382.0,30,3,MAPS
NK,0.592964824120603,0.3215258855585831,0.41696113074204944,0.9540805677311626,1468.0,30,3,MAPS
Neutrophil,0.4296774193548387,0.48401162790697677,0.455228981544771,0.972274403395255,688.0,30,3,MAPS
Other,0.2678665960825834,0.49559255631733595,0.34776632302405497,0.933973422389202,1021.0,30,3,MAPS
Treg,0.2572347266881029,0.834575260804769,0.3932584269662921,0.9398872886662493,671.0,30,3,MAPS
Tumor,0.49363972096840375,0.7282082324455206,0.5884079236977255,0.9414527238572323,1652.0,30,3,MAPS
overall,0.4523864696482805,0.5297170441163209,0.45945978892179107,0.4535587560008349,,30,3,MAPS
B,0.5224349814232638,0.5641975308641975,0.5425137260721176,0.8927502956933139,3240.0,30,2,MAPS
CD4 T,0.6337849280270956,0.3994130202774813,0.49001636661211123,0.7832046197731858,7496.0,30,2,MAPS
CD8 T,0.5410509031198686,0.5626067159931701,0.5516183035714285,0.8881931399151186,3514.0,30,2,MAPS
DC,0.38300970873786405,0.40944473274519977,0.3957863054928517,0.9161970361093718,1927.0,30,2,MAPS
Endothelial,0.7957227138643068,0.6197587593337163,0.6968033580884727,0.9673345856814861,1741.0,30,2,MAPS
Epithelial,0.28356164383561644,0.46,0.3508474576271186,0.9733528143045989,450.0,30,2,MAPS
Lymphatic,0.6043656207366985,0.5875331564986738,0.5958305312710155,0.9790927433382036,754.0,30,2,MAPS
M1,0.2396887159533074,0.4967741935483871,0.32335958005249343,0.9551589786405065,620.0,30,2,MAPS
M2,0.5251594613749114,0.5085792724776939,0.5167364016736401,0.9517845961177207,1457.0,30,2,MAPS
Mast,0.7392638036809815,0.724812030075188,0.7319665907365224,0.9877200306129549,665.0,30,2,MAPS
Monocyte,0.3631871525633107,0.42547033285094066,0.3918693768743752,0.9365129061434634,1382.0,30,2,MAPS
NK,0.5288659793814433,0.34945504087193463,0.4208367514356029,0.9508801224518194,1468.0,30,2,MAPS
Neutrophil,0.3508030431107354,0.6031976744186046,0.4436130411544628,0.9637862659152577,688.0,30,2,MAPS
Other,0.31690487925086247,0.6297747306562194,0.4216393442622951,0.9386349405134627,1021.0,30,2,MAPS
Treg,0.3683823529411765,0.7466467958271237,0.4933530280649926,0.96420371529952,671.0,30,2,MAPS
Tumor,0.6076975016880486,0.5447941888619855,0.5745292052345995,0.953628330898212,1652.0,30,2,MAPS
overall,0.4877427118555932,0.5395286359562823,0.4963324605140062,0.501217560704098,,30,2,MAPS
B,0.44338198288877706,0.5438271604938272,0.4884945938453008,0.8716343143393863,3240.0,30,5,MAPS
CD4 T,0.6698217037200088,0.40594983991462114,0.5055237145942354,0.7929103179572811,7496.0,30,5,MAPS
CD8 T,0.6371065375302664,0.5990324416619237,0.6174831328835436,0.9092743338203576,3514.0,30,5,MAPS
DC,0.35145784081954295,0.4628956927867151,0.399552071668533,0.9067348500660961,1927.0,30,5,MAPS
Endothelial,0.8015161957270848,0.6680068925904652,0.7286967418546365,0.9698740694357476,1741.0,30,5,MAPS
Epithelial,0.12655800575263662,0.29333333333333333,0.1768251841929002,0.9572462255618173,450.0,30,5,MAPS
Lymphatic,0.4990403071017274,0.6896551724137931,0.5790645879732739,0.9737006887914841,754.0,30,5,MAPS
M1,0.337220602526725,0.5596774193548387,0.42086112795633723,0.9667779865024699,620.0,30,5,MAPS
M2,0.525062656641604,0.5751544269045985,0.548968227972486,0.9520976831559174,1457.0,30,5,MAPS
Mast,0.7161572052401747,0.7398496240601504,0.7278106508875739,0.9871982188826272,665.0,30,5,MAPS
Monocyte,0.44657762938230383,0.3871201157742402,0.4147286821705426,0.9474709524803451,1382.0,30,5,MAPS
NK,0.6240549828178694,0.6185286103542235,0.6212795073554567,0.9614902943018159,1468.0,30,5,MAPS
Neutrophil,0.49740932642487046,0.4186046511627907,0.4546172059984215,0.9759618729562374,688.0,30,5,MAPS
Other,0.3962131837307153,0.5533790401567091,0.46178994687372293,0.9541849300772282,1021.0,30,5,MAPS
Treg,0.5054021608643458,0.6274217585692996,0.5598404255319149,0.9769707089682043,671.0,30,5,MAPS
Tumor,0.63232421875,0.7838983050847458,0.7000000000000001,0.9613859319557504,1652.0,30,5,MAPS
overall,0.5130815337449157,0.5578959052885173,0.5253459876099299,0.5324566896263828,,30,5,MAPS
B,0.7548032936870998,0.7638888888888888,0.7593189139438563,0.9454184930077228,3240.0,200,1,MAPS
CD4 T,0.8160352422907489,0.6177961579509071,0.7032116012451599,0.8640158630766019,7496.0,200,1,MAPS
CD8 T,0.8683385579937304,0.78827546955037,0.8263723150357996,0.9595074097265707,3514.0,200,1,MAPS
DC,0.672972972972973,0.6460819927348209,0.6592533756949961,0.9552285535378835,1927.0,200,1,MAPS
Endothelial,0.8149829738933031,0.8248133256748995,0.8198686839851557,0.9780491198775482,1741.0,200,1,MAPS
Epithelial,0.6023102310231023,0.8111111111111111,0.6912878787878788,0.9886592917275447,450.0,200,1,MAPS
Lymphatic,0.758177570093458,0.8607427055702918,0.8062111801242235,0.9891463160091839,754.0,200,1,MAPS
M1,0.41192170818505336,0.7467741935483871,0.5309633027522935,0.9715438669727963,620.0,200,1,MAPS
M2,0.6386603995299648,0.7460535346602608,0.6881924659702437,0.9657343630418145,1457.0,200,1,MAPS
Mast,0.8105960264900662,0.9203007518796993,0.8619718309859155,0.9931816600570514,665.0,200,1,MAPS
Monocyte,0.6230128690386071,0.5955137481910275,0.6089530151683314,0.9632296667362416,1382.0,200,1,MAPS
NK,0.7694444444444445,0.7547683923705722,0.7620357634112793,0.9759270855075489,1468.0,200,1,MAPS
Neutrophil,0.5538033395176253,0.8677325581395349,0.6761041902604756,0.9801015793501705,688.0,200,1,MAPS
Other,0.6065830721003135,0.7580803134182175,0.6739225076186329,0.9739442009323036,1021.0,200,1,MAPS
Treg,0.42492260061919507,0.8181818181818182,0.5593479368313806,0.9699088568844361,671.0,200,1,MAPS
Tumor,0.8993506493506493,0.8383777239709443,0.8677944862155388,0.9853196966534474,1652.0,200,1,MAPS
overall,0.6891197469518959,0.7724057928651095,0.7184255905019475,0.729458011549433,,200,1,MAPS
B,0.3915752002373183,0.4074074074074074,0.39933444259567386,0.8618590412579141,3240.0,15,1,MAPS
CD4 T,0.5297441998810232,0.23759338313767342,0.3280530484435439,0.7461907743686078,7496.0,15,1,MAPS
CD8 T,0.4967759269210102,0.5261809903244166,0.5110558319513543,0.8769220065400404,3514.0,15,1,MAPS
DC,0.1896697713801863,0.3487285936689154,0.2457038391224863,0.8564669867111946,1927.0,15,1,MAPS
Endothelial,0.5427547363031234,0.6088454910970706,0.5739036275040607,0.9452445557642802,1741.0,15,1,MAPS
Epithelial,0.07376648754274548,0.33555555555555555,0.12094513416099319,0.9236415501287135,450.0,15,1,MAPS
Lymphatic,0.06787687450670876,0.11405835543766578,0.0851063829787234,0.9356780073749391,754.0,15,1,MAPS
M1,0.13049645390070921,0.14838709677419354,0.13886792452830188,0.9603075210464065,620.0,15,1,MAPS
M2,0.2875,0.3630748112560055,0.3208977858659387,0.922110902386419,1457.0,15,1,MAPS
Mast,0.31422189128816086,0.6345864661654136,0.42031872509960166,0.9595074097265707,665.0,15,1,MAPS
Monocyte,0.33150470219435735,0.3060781476121563,0.3182844243792325,0.9369651429764141,1382.0,15,1,MAPS
NK,0.5485714285714286,0.45776566757493187,0.49907166728555513,0.9530717317191957,1468.0,15,1,MAPS
Neutrophil,0.0,0.0,0.0,0.976066235302303,688.0,15,1,MAPS
Other,0.0,0.0,0.0,0.9644820148890281,1021.0,15,1,MAPS
Treg,0.3125,0.5141579731743666,0.3887323943661972,0.9622556181729632,671.0,15,1,MAPS
Tumor,0.6116700201207244,0.7360774818401937,0.6681318681318681,0.9579767619842761,1652.0,15,1,MAPS
overall,0.3017892308029685,0.35865608881412286,0.3136504435258457,0.36937313017463297,,15,1,MAPS
B,0.7891052951917225,0.8003086419753086,0.7946674839105117,0.9533848187573923,3240.0,500,2,MAPS
CD4 T,0.8635239821987802,0.698906083244397,0.7725429477254295,0.8926807207959369,7496.0,500,2,MAPS
CD8 T,0.9067000626174077,0.8241320432555492,0.8634466308884913,0.9681346970013219,3514.0,500,2,MAPS
DC,0.7682375726275016,0.6175402179553711,0.6846950517836594,0.9618729562373896,1927.0,500,2,MAPS
Endothelial,0.8595139300533492,0.832854681217691,0.8459743290548426,0.981632227092465,1741.0,500,2,MAPS
Epithelial,0.6392914653784219,0.8822222222222222,0.7413632119514472,0.9903638767132819,450.0,500,2,MAPS
Lymphatic,0.8086854460093896,0.9137931034482759,0.8580323785803238,0.992068461699019,754.0,500,2,MAPS
M1,0.49729144095341277,0.7403225806451613,0.5949449125081011,0.9782578445696792,620.0,500,2,MAPS
M2,0.5936762623879188,0.8634179821551132,0.7035794183445189,0.9631253043901761,1457.0,500,2,MAPS
Mast,0.833112582781457,0.9458646616541353,0.8859154929577464,0.9943644333124608,665.0,500,2,MAPS
Monocyte,0.6905995558845299,0.6751085383502171,0.6827661909989023,0.969839281987059,1382.0,500,2,MAPS
NK,0.8081081081081081,0.8147138964577657,0.8113975576662145,0.9806581785291867,1468.0,500,2,MAPS
Neutrophil,0.7708029197080292,0.7674418604651163,0.7691187181354698,0.9889723787657413,688.0,500,2,MAPS
Other,0.6436041834271923,0.7835455435847208,0.7067137809187279,0.9769011340708272,1021.0,500,2,MAPS
Treg,0.4897229669347632,0.8166915052160953,0.612290502793296,0.9758575106101719,671.0,500,2,MAPS
Tumor,0.8457300275482094,0.9291767554479419,0.8854917796365734,0.9861893828706603,1652.0,500,2,MAPS
overall,0.7379816126131371,0.8066275198309426,0.7633087742408909,0.7771516037013846,,500,2,MAPS
B,0.6441780821917809,0.5805555555555556,0.6107142857142859,0.9165796980449454,3240.0,50,5,MAPS
CD4 T,0.6860965121834687,0.3831376734258271,0.4916966272898477,0.7934321296876087,7496.0,50,5,MAPS
CD8 T,0.6350733702189079,0.7512805919180421,0.6883066093077825,0.916823210185765,3514.0,50,5,MAPS
DC,0.41647277803629595,0.4644525168655942,0.43915603532875364,0.9204758922980588,1927.0,50,5,MAPS
Endothelial,0.7850851438637698,0.7679494543365881,0.7764227642276422,0.9732136645098448,1741.0,50,5,MAPS
Epithelial,0.31567567567567567,0.6488888888888888,0.42472727272727273,0.972483128087386,450.0,50,5,MAPS
Lymphatic,0.7575757575757576,0.7625994694960212,0.7600793126239259,0.9873721561260698,754.0,50,5,MAPS
M1,0.3538324420677362,0.6403225806451613,0.45579793340987373,0.9670214986432895,620.0,50,5,MAPS
M2,0.562015503875969,0.696636925188744,0.6221268771069568,0.9571070757670632,1457.0,50,5,MAPS
Mast,0.7379134860050891,0.8721804511278195,0.799448656099242,0.9898768524316427,665.0,50,5,MAPS
Monocyte,0.40071877807726863,0.3227206946454414,0.3575150300601202,0.9442357197523134,1382.0,50,5,MAPS
NK,0.5587284482758621,0.7064032697547684,0.6239470517448857,0.9565156891393585,1468.0,50,5,MAPS
Neutrophil,0.4810379241516966,0.7005813953488372,0.570414201183432,0.9747443122521394,688.0,50,5,MAPS
Other,0.3570127504553734,0.5759059745347699,0.4407796101949025,0.9480971265567383,1021.0,50,5,MAPS
Treg,0.4509624197983501,0.7332339791356185,0.5584562996594779,0.9729353649203367,671.0,50,5,MAPS
Tumor,0.8366141732283464,0.7717917675544794,0.8028967254408061,0.9782230571209908,1652.0,50,5,MAPS
overall,0.5611870778550843,0.6486650742763849,0.5889053307574506,0.5845682877617756,,50,5,MAPS
B,0.6435242839352429,0.637962962962963,0.6407315561066337,0.9193626939400265,3240.0,50,2,MAPS
CD4 T,0.69859046147905,0.4826574172892209,0.570887573964497,0.8107910665831768,7496.0,50,2,MAPS
CD8 T,0.6389297265510144,0.6183836084234491,0.6284887924801156,0.9106310443192096,3514.0,50,2,MAPS
DC,0.540595399188092,0.4146341463414634,0.469309838472834,0.9371390802198567,1927.0,50,2,MAPS
Endothelial,0.7572285870158211,0.7972429638139,0.7767207610520426,0.9722396159465665,1741.0,50,2,MAPS
Epithelial,0.34704112337011034,0.7688888888888888,0.47823082239115405,0.9737354762401725,450.0,50,2,MAPS
Lymphatic,0.9104204753199269,0.6604774535809018,0.7655649500384318,0.9893898281500034,754.0,50,2,MAPS
M1,0.3336113427856547,0.6451612903225806,0.43980208905992296,0.9645515897864051,620.0,50,2,MAPS
M2,0.6319672131147541,0.5291695264241593,0.576017930519238,0.9605162457385376,1457.0,50,2,MAPS
Mast,0.6645091693635383,0.9263157894736842,0.7738693467336683,0.9874765184721352,665.0,50,2,MAPS
Monocyte,0.4704418170504045,0.5470332850940666,0.5058548009367682,0.948618938287066,1382.0,50,2,MAPS
NK,0.6827541827541828,0.7227520435967303,0.7021839841164791,0.9686912961803381,1468.0,50,2,MAPS
Neutrophil,0.538961038961039,0.7238372093023255,0.6178660049627791,0.9785709316078759,688.0,50,2,MAPS
Other,0.4618834080717489,0.7061704211557297,0.5584817970565453,0.9603423084950949,1021.0,50,2,MAPS
Treg,0.34779750164365547,0.7883755588673621,0.4826642335766423,0.960551033187226,671.0,50,2,MAPS
Tumor,0.8638083228247163,0.8292978208232445,0.8462013588634959,0.9826758505531205,1652.0,50,2,MAPS
overall,0.5957540033393095,0.6748975241475419,0.614554740020703,0.6126417588534057,,50,2,MAPS
B,0.7249870399170555,0.8632716049382716,0.788109326570865,0.9476796771724761,3240.0,500,5,MAPS
CD4 T,0.8721166892808684,0.685965848452508,0.7679211469534051,0.891880609476101,7496.0,500,5,MAPS
CD8 T,0.908498759305211,0.8335230506545248,0.869397447313743,0.9693870451541085,3514.0,500,5,MAPS
DC,0.7426160337552743,0.6393357550596782,0.6871165644171779,0.9609684825714883,1927.0,500,5,MAPS
Endothelial,0.849438202247191,0.8684663986214819,0.8588469184890656,0.9827106380018089,1741.0,500,5,MAPS
Epithelial,0.6492890995260664,0.9133333333333333,0.7590027700831027,0.990920475892298,450.0,500,5,MAPS
Lymphatic,0.8597640891218873,0.870026525198939,0.8648648648648649,0.9928685730188548,754.0,500,5,MAPS
M1,0.4813397129186603,0.8112903225806452,0.6042042042042042,0.9770750713142698,620.0,500,5,MAPS
M2,0.6967663209273948,0.7838023335621139,0.7377260981912145,0.9717525916649273,1457.0,500,5,MAPS
Mast,0.8177150192554558,0.9578947368421052,0.8822714681440443,0.9940861337229527,665.0,500,5,MAPS
Monocyte,0.6655562958027982,0.7228654124457308,0.6930280957336109,0.9692131079106658,1382.0,500,5,MAPS
NK,0.8496932515337423,0.7547683923705722,0.7994227994227996,0.9806581785291867,1468.0,500,5,MAPS
Neutrophil,0.7097989949748744,0.8212209302325582,0.7614555256064691,0.9876852431642663,688.0,500,5,MAPS
Other,0.685374149659864,0.7894221351616063,0.7337278106508874,0.9796493425172198,1021.0,500,5,MAPS
Treg,0.4806131650135257,0.7943368107302533,0.598876404494382,0.9751617616364016,671.0,500,5,MAPS
Tumor,0.9053030303030303,0.8680387409200968,0.8862793572311496,0.9871982188826272,1652.0,500,5,MAPS
overall,0.7436793658464312,0.8110976456940262,0.7682656751481867,0.7794475753148264,,500,5,MAPS
B,0.5972259269138437,0.6910493827160494,0.6407211332093289,0.9126487163431434,3240.0,50,3,MAPS
CD4 T,0.6420382165605095,0.33617929562433296,0.44129235618597323,0.7780212899185974,7496.0,50,3,MAPS
CD8 T,0.5222055888223552,0.5956175298804781,0.5565009306035629,0.88394907117512,3514.0,50,3,MAPS
DC,0.4903536977491961,0.31655422937208094,0.3847366761274046,0.9321296876087107,1927.0,50,3,MAPS
Endothelial,0.7466139954853274,0.7599080987937966,0.753202391118702,0.969839281987059,1741.0,50,3,MAPS
Epithelial,0.3833943833943834,0.6977777777777778,0.49487785657998434,0.977701245390663,450.0,50,3,MAPS
Lymphatic,0.6919191919191919,0.726790450928382,0.7089262613195343,0.9843456480901691,754.0,50,3,MAPS
M1,0.28368314150304674,0.6758064516129032,0.3996185026227945,0.9562026021011619,620.0,50,3,MAPS
M2,0.5661721068249258,0.6547700754975978,0.6072565245066837,0.9570722883183748,1457.0,50,3,MAPS
Mast,0.7707774798927614,0.8646616541353384,0.8150248051027641,0.990920475892298,665.0,50,3,MAPS
Monocyte,0.4543761638733706,0.35311143270622286,0.3973941368078176,0.9485145759410005,1382.0,50,3,MAPS
NK,0.5834482758620689,0.5762942779291553,0.5798492117888965,0.9573505879078829,1468.0,50,3,MAPS
Neutrophil,0.4113821138211382,0.7354651162790697,0.5276329509906152,0.968482571488207,688.0,50,3,MAPS
Other,0.4909539473684211,0.584720861900098,0.5337505587840858,0.9637166910178807,1021.0,50,3,MAPS
Treg,0.3082579185520362,0.812220566318927,0.4469044690446905,0.9530717317191957,671.0,50,3,MAPS
Tumor,0.7386934673366834,0.8008474576271186,0.7685158292187045,0.972274403395255,1652.0,50,3,MAPS
overall,0.5425934759924537,0.636360916193708,0.5660127871257215,0.5531204341473597,,50,3,MAPS
B,0.7394288852278967,0.8311728395061728,0.7826213310084278,0.9479579767619842,3240.0,500,4,MAPS
CD4 T,0.8594622019279553,0.6779615795090715,0.7579983593109105,0.8871147290057747,7496.0,500,4,MAPS
CD8 T,0.9419928825622775,0.753272623790552,0.8371283997469956,0.9641689278508314,3514.0,500,4,MAPS
DC,0.6538461538461539,0.7586922677737415,0.7023780927215949,0.9568983510749322,1927.0,500,4,MAPS
Endothelial,0.8766467065868263,0.8408960367604825,0.8583992963940192,0.9831976622834482,1741.0,500,4,MAPS
Epithelial,0.6822107081174439,0.8777777777777778,0.7677356656948494,0.9916857997634454,450.0,500,4,MAPS
Lymphatic,0.8493827160493828,0.9124668435013262,0.8797953964194373,0.9934599596465595,754.0,500,4,MAPS
M1,0.4745254745254745,0.7661290322580645,0.5860579888957433,0.9766576219300076,620.0,500,4,MAPS
M2,0.7559739319333816,0.7165408373369938,0.7357293868921776,0.9739094134836151,1457.0,500,4,MAPS
Mast,0.8526603001364257,0.9398496240601504,0.894134477825465,0.9948514575941001,665.0,500,4,MAPS
Monocyte,0.640555906506633,0.7337192474674384,0.6839797639123103,0.9674041605788631,1382.0,500,4,MAPS
NK,0.848531684698609,0.7479564032697548,0.7950760318609703,0.9803103040423016,1468.0,500,4,MAPS
Neutrophil,0.6504424778761062,0.8546511627906976,0.7386934673366834,0.9855284213455785,688.0,500,4,MAPS
Other,0.5871621621621622,0.8511263467189031,0.694922031187525,0.9734571766506644,1021.0,500,4,MAPS
Treg,0.5277777777777778,0.7928464977645305,0.6337105419892793,0.9786057190565643,671.0,500,4,MAPS
Tumor,0.8807285546415982,0.9073849878934624,0.8938580799045915,0.9876156682668893,1652.0,500,4,MAPS
overall,0.7388330327860065,0.810152756761195,0.7651386444438113,0.7714116746677798,,500,4,MAPS
B,0.8165108029667849,0.7814814814814814,0.7986122062766126,0.9555764280247686,3240.0,500,3,MAPS
CD4 T,0.8776953596687942,0.6787620064034151,0.7655156849469644,0.8915675224379044,7496.0,500,3,MAPS
CD8 T,0.8790534618755478,0.8562891291974958,0.8675219835663832,0.9680303346552563,3514.0,500,3,MAPS
DC,0.674373795761079,0.7265179034769071,0.6994753934549088,0.9581506992277187,1927.0,500,3,MAPS
Endothelial,0.8964019851116626,0.8299827685238369,0.8619147032508202,0.9838934112572184,1741.0,500,3,MAPS
Epithelial,0.5578231292517006,0.9111111111111111,0.6919831223628691,0.9873025812286926,450.0,500,3,MAPS
Lymphatic,0.7988505747126436,0.9217506631299734,0.855911330049261,0.9918597370068879,754.0,500,3,MAPS
M1,0.5282791817087846,0.7080645161290322,0.6050999310820124,0.9800667919014819,620.0,500,3,MAPS
M2,0.708066581306018,0.7590940288263556,0.7326929446836702,0.9719265289083698,1457.0,500,3,MAPS
Mast,0.8044831880448319,0.9714285714285714,0.8801089918256131,0.9938774090308217,665.0,500,3,MAPS
Monocyte,0.6253704801422644,0.7633863965267728,0.6875203649397197,0.9666388367077159,1382.0,500,3,MAPS
NK,0.8311499272197962,0.7779291553133515,0.8036593947923997,0.9805886036318097,1468.0,500,3,MAPS
Neutrophil,0.6989795918367347,0.7965116279069767,0.7445652173913042,0.9869199192931191,688.0,500,3,MAPS
Other,0.6273909716908952,0.8031341821743389,0.70446735395189,0.976066235302303,1021.0,500,3,MAPS
Treg,0.46519524617996605,0.8166915052160953,0.5927528393726338,0.9738050511375496,671.0,500,3,MAPS
Tumor,0.900373599003736,0.8753026634382567,0.8876611418047882,0.9872677937800042,1652.0,500,3,MAPS
overall,0.7306248672800775,0.8110898568927483,0.7612164127344907,0.7767689417658109,,500,3,MAPS
B,0.5868593955321945,0.6891975308641975,0.6339247693399573,0.9102831698323245,3240.0,50,4,MAPS
CD4 T,0.7607405649181106,0.4275613660618997,0.5474421385259203,0.8156613093995686,7496.0,50,4,MAPS
CD8 T,0.7122655122655123,0.7023335230506546,0.7072646510961456,0.9289292423293676,3514.0,50,4,MAPS
DC,0.5347826086956522,0.5106382978723404,0.5224316432174143,0.9374173798093648,1927.0,50,4,MAPS
Endothelial,0.7857605177993527,0.6973004020677771,0.7388922702373706,0.9701523690252557,1741.0,50,4,MAPS
Epithelial,0.3072227873855544,0.6711111111111111,0.421493370551291,0.9711612050372226,450.0,50,4,MAPS
Lymphatic,0.588963963963964,0.6936339522546419,0.6370280146163215,0.9792666805816461,754.0,50,4,MAPS
M1,0.26070287539936104,0.6580645161290323,0.37345537757437075,0.9523759827454255,620.0,50,4,MAPS
M2,0.6095166163141994,0.5538778311599176,0.5803667745415317,0.9594030473805051,1457.0,50,4,MAPS
Mast,0.5307769929364279,0.7909774436090226,0.6352657004830918,0.978988380992138,665.0,50,4,MAPS
Monocyte,0.4800301431801055,0.4609261939218524,0.4702842377260982,0.9500800111319836,1382.0,50,4,MAPS
NK,0.6652329749103942,0.6321525885558583,0.6482710443590639,0.9649690391706672,1468.0,50,4,MAPS
Neutrophil,0.6295754026354319,0.625,0.6272793581327497,0.9822236137201698,688.0,50,4,MAPS
Other,0.45448227936066715,0.6405484818805093,0.5317073170731706,0.9599248591108328,1021.0,50,4,MAPS
Treg,0.36769533814839134,0.834575260804769,0.5104831358249772,0.9626382801085368,671.0,50,4,MAPS
Tumor,0.7727272727272727,0.8232445520581114,0.7971864009378664,0.9759270855075489,1652.0,50,4,MAPS
overall,0.565458452885787,0.6506964407126059,0.5864235127648338,0.5997008279412788,,50,4,MAPS
B,0.0,0.0,0.0,0.8872886662492173,3240.0,10,1,MAPS
CD4 T,0.3984343366176272,0.39381003201707576,0.3961086883596109,0.6868781743546928,7496.0,10,1,MAPS
CD8 T,0.49607843137254903,0.2159931701764371,0.3009516256938938,0.8773394559243025,3514.0,10,1,MAPS
DC,0.0,0.0,0.0,0.9329645863772351,1927.0,10,1,MAPS
Endothelial,0.0,0.0,0.0,0.9394350518332986,1741.0,10,1,MAPS
Epithelial,0.0,0.0,0.0,0.9843456480901691,450.0,10,1,MAPS
Lymphatic,0.0,0.0,0.0,0.9737702636888611,754.0,10,1,MAPS
M1,0.0,0.0,0.0,0.9784317818131218,620.0,10,1,MAPS
M2,0.10557184750733138,0.07412491420727522,0.0870967741935484,0.9212412161692062,1457.0,10,1,MAPS
Mast,0.0,0.0,0.0,0.9768663466221388,665.0,10,1,MAPS
Monocyte,0.21598062953995156,0.3227206946454414,0.25877574702639977,0.9111180686008488,1382.0,10,1,MAPS
NK,0.4756348661633493,0.4720708446866485,0.47384615384615386,0.9464621164683782,1468.0,10,1,MAPS
Neutrophil,0.0,0.0,0.0,0.976066235302303,688.0,10,1,MAPS
Other,0.09175691937424789,0.5974534769833496,0.1590820185161038,0.7756557434077784,1021.0,10,1,MAPS
Treg,0.05048231511254019,0.23397913561847988,0.08304681301243057,0.8793919153969247,671.0,10,1,MAPS
Tumor,0.11609738372093023,0.38680387409200967,0.1785913918390162,0.7955193766089195,1652.0,10,1,MAPS
overall,0.12187729558803292,0.16855975890166983,0.12109370078044732,0.2213873234536979,,10,1,MAPS
B,0.39555061179087875,0.5487654320987654,0.45972850678733035,0.8546232519307034,3240.0,20,4,MAPS
CD4 T,0.4343598055105348,0.07150480256136606,0.12279495990836195,0.733597717943366,7496.0,20,4,MAPS
CD8 T,0.3412858249419055,0.6269208878770631,0.44197010733273145,0.8064774229458012,3514.0,20,4,MAPS
DC,0.20555073720728534,0.12298910223144785,0.1538961038961039,0.9093439087177346,1927.0,20,4,MAPS
Endothelial,0.8031651829871415,0.46639862148190697,0.5901162790697674,0.9607597578793571,1741.0,20,4,MAPS
Epithelial,0.0,0.0,0.0,0.9843456480901691,450.0,20,4,MAPS
Lymphatic,0.28293736501079914,0.17374005305039789,0.21528348397699262,0.9667779865024699,754.0,20,4,MAPS
M1,0.2173202614379085,0.4290322580645161,0.2885032537960954,0.9543588673206707,620.0,20,4,MAPS
M2,0.25823389021479715,0.3713109128345916,0.3046171171171171,0.9140750017393724,1457.0,20,4,MAPS
Mast,0.11823839157491622,0.37142857142857144,0.1793754538852578,0.9213803659639602,665.0,20,4,MAPS
Monocyte,0.37311286843997127,0.3755426917510854,0.3743238369996394,0.9396437765254296,1382.0,20,4,MAPS
NK,0.5590496156533893,0.5449591280653951,0.5519144532597448,0.9548111041536214,1468.0,20,4,MAPS
Neutrophil,1.0,0.0014534883720930232,0.0029027576197387522,0.9761010227509914,688.0,20,4,MAPS
Other,0.2509433962264151,0.6513222331047992,0.36229910106238084,0.9185625826201906,1021.0,20,4,MAPS
Treg,0.3551236749116608,0.5991058122205664,0.4459234608985025,0.9652473387601753,671.0,20,4,MAPS
Tumor,0.6451612903225806,0.7506053268765133,0.693900391717963,0.9619425311347666,1652.0,20,4,MAPS
overall,0.3900020572643865,0.3815674576261925,0.3242218292079829,0.36102414248938985,,20,4,MAPS
B,0.3793636082792709,0.3790123456790123,0.37918789563069316,0.8601196688234884,3240.0,20,3,MAPS
CD4 T,0.5820224719101124,0.310965848452508,0.4053560559951309,0.7620886384192583,7496.0,20,3,MAPS
CD8 T,0.29246231155778896,0.33124644280022764,0.310648518815052,0.8202880400751409,3514.0,20,3,MAPS
DC,0.18478260869565216,0.017644006227296314,0.03221222169587873,0.9289292423293676,1927.0,20,3,MAPS
Endothelial,0.5689166193987522,0.5761056863871339,0.5724885844748859,0.9478884018646072,1741.0,20,3,MAPS
Epithelial,0.038359083644112946,0.16,0.0618822518263859,0.9240589995129758,450.0,20,3,MAPS
Lymphatic,0.07972665148063782,0.09283819628647215,0.08578431372549021,0.9480971265567383,754.0,20,3,MAPS
M1,0.0,0.0,0.0,0.9784317818131218,620.0,20,3,MAPS
M2,0.2654260528893242,0.5579958819492107,0.3597345132743363,0.8993251234954428,1457.0,20,3,MAPS
Mast,0.08991825613079019,0.14887218045112782,0.11211778029445074,0.9454532804564113,665.0,20,3,MAPS
Monocyte,0.2465259907359753,0.3465991316931983,0.2881203007518797,0.9176581089542893,1382.0,20,3,MAPS
NK,0.44022011005502754,0.5994550408719346,0.5076434958177097,0.940617825088708,1468.0,20,3,MAPS
Neutrophil,0.0,0.0,0.0,0.9757531482641063,688.0,20,3,MAPS
Other,0.26886145404663925,0.38393731635651324,0.31625655506252526,0.9410352744729702,1021.0,20,3,MAPS
Treg,0.30704225352112674,0.6497764530551415,0.41702534672405545,0.9575941000487024,671.0,20,3,MAPS
Tumor,0.6353198469108803,0.7033898305084746,0.6676242459063487,0.9597509218673902,1652.0,20,3,MAPS
overall,0.2736842074535057,0.3286148975448907,0.28225512999967645,0.35354484102135947,,20,3,MAPS
B,0.6828143021914648,0.7308641975308642,0.7060226595110316,0.931399151186252,3240.0,100,3,MAPS
CD4 T,0.7769230769230769,0.4715848452508004,0.5869168188610328,0.8268976553259584,7496.0,100,3,MAPS
CD8 T,0.8276392736226531,0.7652248150256118,0.7952092266745527,0.9518193835664093,3514.0,100,3,MAPS
DC,0.5850622406639004,0.5853658536585366,0.5852140077821011,0.9443748695470674,1927.0,100,3,MAPS
Endothelial,0.861328125,0.7599080987937966,0.8074458346048214,0.9780491198775482,1741.0,100,3,MAPS
Epithelial,0.45354523227383864,0.8244444444444444,0.5851735015772871,0.981701801989842,450.0,100,3,MAPS
Lymphatic,0.6751322751322751,0.8461538461538461,0.7510300176574456,0.985284909204759,754.0,100,3,MAPS
M1,0.3401639344262295,0.6693548387096774,0.45108695652173914,0.9648646768246016,620.0,100,3,MAPS
M2,0.5775910364145658,0.7076183939601922,0.636027143738433,0.9589508105475545,1457.0,100,3,MAPS
Mast,0.754601226993865,0.924812030075188,0.831081081081081,0.9913031378278717,665.0,100,3,MAPS
Monocyte,0.5328102710413695,0.540520984081042,0.5366379310344828,0.955124191191818,1382.0,100,3,MAPS
NK,0.7388679245283019,0.6668937329700273,0.7010383100608665,0.9709524803450915,1468.0,100,3,MAPS
Neutrophil,0.5670538542766631,0.7805232558139535,0.6568807339449542,0.9804842412857441,688.0,100,3,MAPS
Other,0.4907038512616202,0.7238001958863859,0.5848832607835378,0.9635079663257496,1021.0,100,3,MAPS
Treg,0.38227146814404434,0.8226527570789866,0.5219858156028369,0.9648298893759132,671.0,100,3,MAPS
Tumor,0.7936946902654868,0.8686440677966102,0.8294797687861272,0.9794754052737772,1652.0,100,3,MAPS
overall,0.6275126739474597,0.7305228973268727,0.6603820667638957,0.6645098448479788,,100,3,MAPS
B,0.7014441497200118,0.7345679012345679,0.7176240012060907,0.9348431086064148,3240.0,100,4,MAPS
CD4 T,0.7932078736751027,0.4891942369263607,0.6051654426932915,0.8335420580254644,7496.0,100,4,MAPS
CD8 T,0.8325015595757954,0.7595332953898691,0.7943452380952383,0.9519237459124748,3514.0,100,4,MAPS
DC,0.5369630369630369,0.5578619615983393,0.5472130313056758,0.938113128783135,1927.0,100,4,MAPS
Endothelial,0.8031980319803198,0.7501435956346927,0.7757647757647758,0.9737354762401725,1741.0,100,4,MAPS
Epithelial,0.39919354838709675,0.88,0.5492371705963938,0.9773881583524664,450.0,100,4,MAPS
Lymphatic,0.7405714285714285,0.8594164456233422,0.7955801104972374,0.9884157795867251,754.0,100,4,MAPS
M1,0.3905982905982906,0.7370967741935484,0.5106145251396649,0.9695261949488625,620.0,100,4,MAPS
M2,0.6794478527607362,0.608098833218943,0.6417964505613908,0.9655952132470604,1457.0,100,4,MAPS
Mast,0.8121387283236994,0.8451127819548873,0.8282977155490052,0.9918945244555765,665.0,100,4,MAPS
Monocyte,0.5835172921265637,0.5738060781476122,0.578620941262313,0.9598204967647672,1382.0,100,4,MAPS
NK,0.7366946778711485,0.7166212534059946,0.7265193370165747,0.9724483406386976,1468.0,100,4,MAPS
Neutrophil,0.6346396965865992,0.7296511627906976,0.6788370520622042,0.9834759618729563,688.0,100,4,MAPS
Other,0.37996031746031744,0.7502448579823702,0.504445176160685,0.9476448897237877,1021.0,100,4,MAPS
Treg,0.34617854849068724,0.8032786885245902,0.48384201077199285,0.9599944340082098,671.0,100,4,MAPS
Tumor,0.8165887850467289,0.8462469733656174,0.83115338882283,0.9802407291449245,1652.0,100,4,MAPS
overall,0.6366777386335977,0.7275546774994646,0.6605660229690853,0.6643011201558477,,100,4,MAPS
B,0.6947483588621444,0.7839506172839507,0.736658932714617,0.93682599318166,3240.0,100,5,MAPS
CD4 T,0.8198179561439801,0.5286819637139808,0.6428223844282238,0.846796075975788,7496.0,100,5,MAPS
CD8 T,0.8347107438016529,0.8047808764940239,0.8194726166328601,0.9566548389341125,3514.0,100,5,MAPS
DC,0.5746031746031746,0.5635703165542294,0.569033272203301,0.9427746469073958,1927.0,100,5,MAPS
Endothelial,0.7923162583518931,0.8173463526708789,0.8046366977664687,0.9759618729562374,1741.0,100,5,MAPS
Epithelial,0.5228571428571429,0.8133333333333334,0.6365217391304349,0.9854588464482015,450.0,100,5,MAPS
Lymphatic,0.786472148541114,0.786472148541114,0.786472148541114,0.9887984415222988,754.0,100,5,MAPS
M1,0.29127358490566035,0.7967741935483871,0.4265975820379965,0.9538022681416545,620.0,100,5,MAPS
M2,0.7790948275862069,0.4962251201098147,0.6062893081761006,0.9673345856814861,1457.0,100,5,MAPS
Mast,0.7509433962264151,0.8977443609022556,0.8178082191780823,0.9907465386488555,665.0,100,5,MAPS
Monocyte,0.5084626234132581,0.5217076700434153,0.515,0.9527586446809991,1382.0,100,5,MAPS
NK,0.7043363994743759,0.7302452316076294,0.7170568561872909,0.9705698184095178,1468.0,100,5,MAPS
Neutrophil,0.49770431588613406,0.7877906976744186,0.6100168823860438,0.9758922980588604,688.0,100,5,MAPS
Other,0.486712224753227,0.6278158667972575,0.5483319076133447,0.9632644541849301,1021.0,100,5,MAPS
Treg,0.3667348329925017,0.8017883755588674,0.5032740879326473,0.963055729492799,671.0,100,5,MAPS
Tumor,0.8729946524064172,0.7905569007263923,0.8297331639135961,0.9813539275029569,1652.0,100,5,MAPS
overall,0.6427364150503311,0.7217990015974969,0.6606078624276326,0.6760244903638767,,100,5,MAPS
B,0.7165807820551683,0.7296296296296296,0.7230463373604527,0.9369999304251027,3240.0,100,2,MAPS
CD4 T,0.8027901077996196,0.5066702241195304,0.6212480575774925,0.8388993251234954,7496.0,100,2,MAPS
CD8 T,0.8035973310124747,0.78827546955037,0.7958626634104295,0.9505670354136228,3514.0,100,2,MAPS
DC,0.614206981016534,0.5204981837052413,0.5634831460674158,0.9459403047380505,1927.0,100,2,MAPS
Endothelial,0.8207726409119696,0.7443997702469844,0.7807228915662651,0.9746747373547624,1741.0,100,2,MAPS
Epithelial,0.3978021978021978,0.8044444444444444,0.5323529411764706,0.9778751826341057,450.0,100,2,MAPS
Lymphatic,0.6331707317073171,0.8607427055702918,0.7296233839235525,0.9832672371808252,754.0,100,2,MAPS
M1,0.32108843537414966,0.7612903225806451,0.4516746411483254,0.9601335838029639,620.0,100,2,MAPS
M2,0.6992952231793266,0.6129032258064516,0.6532553035844916,0.9670214986432895,1457.0,100,2,MAPS
Mast,0.6637837837837838,0.9233082706766917,0.7723270440251573,0.9874069435747582,665.0,100,2,MAPS
Monocyte,0.5838557993730408,0.5390738060781476,0.5605718585402558,0.9593682599318166,1382.0,100,2,MAPS
NK,0.7108910891089109,0.7336512261580381,0.7220918538384177,0.9711612050372226,1468.0,100,2,MAPS
Neutrophil,0.5920177383592018,0.7761627906976745,0.6716981132075472,0.9818409517845961,688.0,100,2,MAPS
Other,0.4662813102119461,0.7110675808031341,0.5632273079906905,0.9608293327767341,1021.0,100,2,MAPS
Treg,0.374738311235171,0.8002980625931445,0.5104562737642586,0.9641689278508314,671.0,100,2,MAPS
Tumor,0.8234295415959253,0.8807506053268765,0.8511260602515355,0.9822931886175468,1652.0,100,2,MAPS
overall,0.626518875282921,0.7308228948742059,0.6564229923395474,0.6712238224448619,,100,2,MAPS
B,0.35501923749562786,0.3132716049382716,0.33284144941793736,0.8584498712864399,3240.0,20,2,MAPS
CD4 T,0.551801297829492,0.3289754535752401,0.4122022565816966,0.7553398733736868,7496.0,20,2,MAPS
CD8 T,0.3255060728744939,0.22879908935685828,0.2687165775401069,0.8477701245390663,3514.0,20,2,MAPS
DC,0.2157303370786517,0.049818370524130774,0.08094435075885328,0.9241633618590412,1927.0,20,2,MAPS
Endothelial,0.20680628272251309,0.045376220562894885,0.07442298634008478,0.9316426633270716,1741.0,20,2,MAPS
Epithelial,0.057021831215379605,0.3888888888888889,0.09946007388462633,0.8897585751061017,450.0,20,2,MAPS
Lymphatic,0.14029438822447102,0.40450928381962864,0.20833333333333334,0.9193626939400265,754.0,20,2,MAPS
M1,0.16507936507936508,0.33548387096774196,0.22127659574468084,0.9490711751200167,620.0,20,2,MAPS
M2,0.14065180102915953,0.05628002745367193,0.0803921568627451,0.9347387462603493,1457.0,20,2,MAPS
Mast,0.10020661157024793,0.14586466165413534,0.11879975505205144,0.9499408613372295,665.0,20,2,MAPS
Monocyte,0.30445544554455445,0.35600578871201155,0.32821881254169444,0.9299380783413345,1382.0,20,2,MAPS
NK,0.5077208153180975,0.5599455040871935,0.5325558794946549,0.9498017115424755,1468.0,20,2,MAPS
Neutrophil,0.4315068493150685,0.36627906976744184,0.39622641509433965,0.9732832394072218,688.0,20,2,MAPS
Other,0.2344388914129941,0.5053868756121449,0.3202979515828677,0.9238154873721561,1021.0,20,2,MAPS
Treg,0.2547307132459971,0.7824143070044709,0.3843338213762812,0.9414875113059208,671.0,20,2,MAPS
Tumor,0.6153071500503524,0.7397094430992736,0.6717976910390324,0.9584637862659152,1652.0,20,2,MAPS
overall,0.2878923181254041,0.3504380287514999,0.28317625666531165,0.3185138801920267,,20,2,MAPS
B,0.27882037533512066,0.25679012345679014,0.2673521850899743,0.8413692339803799,3240.0,20,5,MAPS
CD4 T,0.48455710955710957,0.4437033084311633,0.4632311977715877,0.7318583455089404,7496.0,20,5,MAPS
CD8 T,0.3230769230769231,0.00597609561752988,0.01173512154233026,0.8769567939887288,3514.0,20,5,MAPS
DC,0.0,0.0,0.0,0.9329645863772351,1927.0,20,5,MAPS
Endothelial,0.5458187280921382,0.6260769672601952,0.5831995719636168,0.9458011549432964,1741.0,20,5,MAPS
Epithelial,0.07651515151515151,0.22444444444444445,0.11412429378531071,0.9454532804564113,450.0,20,5,MAPS
Lymphatic,0.10025706940874037,0.05172413793103448,0.06824146981627296,0.9629513671467335,754.0,20,5,MAPS
M1,0.09797297297297297,0.1403225806451613,0.11538461538461539,0.9535935434495234,620.0,20,5,MAPS
M2,0.42334739803094235,0.4131777625257378,0.4182007641542202,0.9417310234467404,1457.0,20,5,MAPS
Mast,0.20652173913043478,0.11428571428571428,0.1471442400774443,0.9693522577054199,665.0,20,5,MAPS
Monocyte,0.3158347676419966,0.2655571635311143,0.28852201257861637,0.9370347178737911,1382.0,20,5,MAPS
NK,0.5012210012210012,0.5592643051771117,0.528654217643271,0.9490711751200167,1468.0,20,5,MAPS
Neutrophil,0.38619854721549635,0.4636627906976744,0.42140026420079263,0.9695261949488625,688.0,20,5,MAPS
Other,0.14707813525935653,0.6581782566111655,0.24042933810375672,0.852292492868573,1021.0,20,5,MAPS
Treg,0.2111987974445697,0.8375558867362146,0.33733493397358943,0.9231893132957629,671.0,20,5,MAPS
Tumor,0.44318895166352795,0.42736077481840196,0.43513097072419105,0.9362346065539553,1652.0,20,5,MAPS
overall,0.2838504792228426,0.3430050195105908,0.27750532480059936,0.33469004383218537,,20,5,MAPS
B,0.41460470730235366,0.6361111111111111,0.5020094994519546,0.8577541223126696,3240.0,30,1,MAPS
CD4 T,0.5236502627806976,0.29242262540021347,0.3752782057866804,0.7461211994712308,7496.0,30,1,MAPS
CD8 T,0.35302806499261447,0.13602731929425158,0.19638455217748563,0.8639115007305365,3514.0,30,1,MAPS
DC,0.3150582050319189,0.4353918007265179,0.3655773420479303,0.8986989494190496,1927.0,30,1,MAPS
Endothelial,0.7880434782608695,0.6662837449741528,0.7220666044195456,0.9689348083211577,1741.0,30,1,MAPS
Epithelial,0.38898756660746003,0.4866666666666667,0.43237907206317866,0.9799972170041049,450.0,30,1,MAPS
Lymphatic,0.7223065250379362,0.6312997347480106,0.6737438075017692,0.9839629861545954,754.0,30,1,MAPS
M1,0.26124031007751936,0.5435483870967742,0.35287958115183243,0.9570027134209977,620.0,30,1,MAPS
M2,0.3181818181818182,0.31228551818805766,0.31520609629373053,0.9312252139428094,1457.0,30,1,MAPS
Mast,0.4610318331503842,0.631578947368421,0.532994923857868,0.9743964377652543,665.0,30,1,MAPS
Monocyte,0.41986062717770034,0.17438494934876989,0.2464212678936605,0.9487233006331316,1382.0,30,1,MAPS
NK,0.5825589706933524,0.5551771117166212,0.5685385420299965,0.9569679259723092,1468.0,30,1,MAPS
Neutrophil,0.4860724233983287,0.5072674418604651,0.49644381223328593,0.9753704863285326,688.0,30,1,MAPS
Other,0.27335640138408307,0.5416258570029383,0.36333771353482264,0.9325819244416614,1021.0,30,1,MAPS
Treg,0.29259896729776247,0.7600596125186289,0.42253521126760557,0.9515062965282126,671.0,30,1,MAPS
Tumor,0.4960573476702509,0.837772397094431,0.6231427285006753,0.9417658108954289,1652.0,30,1,MAPS
overall,0.4435398443153156,0.509243951569752,0.4493086850132514,0.43446044667084116,,30,1,MAPS
B,0.0,0.0,0.0,0.8872886662492173,3240.0,15,4,MAPS
CD4 T,0.3880399258016076,0.5860458911419424,0.4669182122548759,0.6510471022055242,7496.0,15,4,MAPS
CD8 T,0.0,0.0,0.0,0.8777569053085646,3514.0,15,4,MAPS
DC,0.13709981167608287,0.18889465490399585,0.1588825840244435,0.8659291727544702,1927.0,15,4,MAPS
Endothelial,0.119649477586788,0.20390580126364158,0.1508071367884452,0.8609197801433243,1741.0,15,4,MAPS
Epithelial,0.0,0.0,0.0,0.9843456480901691,450.0,15,4,MAPS
Lymphatic,0.0,0.0,0.0,0.9737354762401725,754.0,15,4,MAPS
M1,0.04864311315924219,0.3064516129032258,0.08395934600088378,0.8557712377374244,620.0,15,4,MAPS
M2,0.0832072617246596,0.03774879890185312,0.05193578847969783,0.9301468030334655,1457.0,15,4,MAPS
Mast,0.06558849955076371,0.10977443609022557,0.08211473565804275,0.9432268837403465,665.0,15,4,MAPS
Monocyte,0.0,0.0,0.0,0.9519237459124748,1382.0,15,4,MAPS
NK,0.37271341463414637,0.33310626702997276,0.35179856115107916,0.9373130174632992,1468.0,15,4,MAPS
Neutrophil,0.3672922252010724,0.39825581395348836,0.38214783821478376,0.9691783204619773,688.0,15,4,MAPS
Other,0.12526690391459075,0.17238001958863858,0.14509480626545754,0.9278508314200237,1021.0,15,4,MAPS
Treg,0.0,0.0,0.0,0.9766576219300076,671.0,15,4,MAPS
Tumor,0.34261000376081235,0.551452784503632,0.42263975875666904,0.9134140402142907,1652.0,15,4,MAPS
overall,0.12813191481311037,0.18050100501753852,0.14351867297464865,0.253252626452376,,15,4,MAPS
B,0.0,0.0,0.0,0.8872886662492173,3240.0,15,3,MAPS
CD4 T,0.43929983060417843,0.3113660618996798,0.36443125927082515,0.7167953802268142,7496.0,15,3,MAPS
CD8 T,0.3112667091024825,0.27831531018782013,0.2938701923076923,0.8364989911639881,3514.0,15,3,MAPS
DC,0.21205643437366395,0.25739491437467565,0.23253633380215658,0.8861058929938078,1927.0,15,3,MAPS
Endothelial,0.11435977190254018,0.633543940264216,0.19374670648164413,0.680651221039449,1741.0,15,3,MAPS
Epithelial,0.0,0.0,0.0,0.9843456480901691,450.0,15,3,MAPS
Lymphatic,0.0,0.0,0.0,0.9737702636888611,754.0,15,3,MAPS
M1,0.0,0.0,0.0,0.9784317818131218,620.0,15,3,MAPS
M2,0.12727993655828707,0.22031571722717913,0.16134707212867552,0.8839142837264315,1457.0,15,3,MAPS
Mast,0.0,0.0,0.0,0.9768663466221388,665.0,15,3,MAPS
Monocyte,0.0,0.0,0.0,0.9519237459124748,1382.0,15,3,MAPS
NK,0.2856280193236715,0.6444141689373297,0.3958158995815899,0.8995338481875739,1468.0,15,3,MAPS
Neutrophil,0.0,0.0,0.0,0.976066235302303,688.0,15,3,MAPS
Other,0.0,0.0,0.0,0.9644820148890281,1021.0,15,3,MAPS
Treg,0.23291015625,0.7108792846497765,0.35086428834130196,0.9386001530647742,671.0,15,3,MAPS
Tumor,0.2752941176470588,0.07082324455205811,0.11266249398170437,0.9358867320670702,1652.0,15,3,MAPS
overall,0.12488093598511765,0.19544079013079596,0.13157964036847436,0.2355806025186113,,15,3,MAPS
B,0.7599231754161332,0.7327160493827161,0.7460716530483972,0.9437834829193626,3240.0,200,2,MAPS
CD4 T,0.8209197475202885,0.6072572038420491,0.6981059734682924,0.8630418145133236,7496.0,200,2,MAPS
CD8 T,0.8683404776484996,0.807057484348321,0.8365781710914454,0.9614555068531274,3514.0,200,2,MAPS
DC,0.6402203856749311,0.6030098598858329,0.621058257616248,0.9506713977596883,1927.0,200,2,MAPS
Endothelial,0.8295964125560538,0.8500861573808156,0.8397163120567376,0.98034509149099,1741.0,200,2,MAPS
Epithelial,0.5686567164179105,0.8466666666666667,0.6803571428571429,0.9875460933695123,450.0,200,2,MAPS
Lymphatic,0.5925612848689772,0.9297082228116711,0.7237996902426432,0.9813887149516455,754.0,200,2,MAPS
M1,0.37269076305220883,0.7483870967741936,0.4975871313672922,0.9674041605788631,620.0,200,2,MAPS
M2,0.7520661157024794,0.6870281400137268,0.7180774748923959,0.9726570653308286,1457.0,200,2,MAPS
Mast,0.7976653696498055,0.924812030075188,0.8565459610027855,0.9928337855701663,665.0,200,2,MAPS
Monocyte,0.6005606166783461,0.6201157742402316,0.6101815592737629,0.961907743686078,1382.0,200,2,MAPS
NK,0.7254545454545455,0.8153950953678474,0.7677998717126363,0.9748138871495164,1468.0,200,2,MAPS
Neutrophil,0.6594982078853047,0.8023255813953488,0.7239344262295081,0.985354484102136,688.0,200,2,MAPS
Other,0.6554121151936445,0.6464250734573947,0.650887573964497,0.9753704863285326,1021.0,200,2,MAPS
Treg,0.40175310445580714,0.819672131147541,0.5392156862745098,0.9672997982327977,671.0,200,2,MAPS
Tumor,0.8403019744483159,0.87590799031477,0.8577356253704801,0.9833020246295137,1652.0,200,2,MAPS
overall,0.6803513132889532,0.7697856598190197,0.7104782819042984,0.7245877687330411,,200,2,MAPS
B,0.7424152290303391,0.7703703703703704,0.7561345046955468,0.9439922076114938,3240.0,200,5,MAPS
CD4 T,0.817135989010989,0.634871931696905,0.7145645645645646,0.8677381200862728,7496.0,200,5,MAPS
CD8 T,0.906301550643352,0.7817302219692658,0.8394194041252865,0.9634383914283726,3514.0,200,5,MAPS
DC,0.6447700859019707,0.6621691748832382,0.6533538146441373,0.9528977944757532,1927.0,200,5,MAPS
Endothelial,0.8024494142705005,0.8655944859276278,0.8328267477203647,0.9789535935434496,1741.0,200,5,MAPS
Epithelial,0.5092250922509225,0.92,0.6555819477434679,0.9848674598204967,450.0,200,5,MAPS
Lymphatic,0.7339743589743589,0.9111405835543767,0.8130177514792899,0.9890071662144299,754.0,200,5,MAPS
M1,0.41831238779174146,0.7516129032258064,0.5374855824682814,0.9721004661518124,620.0,200,5,MAPS
M2,0.6780551905387647,0.7083047357584077,0.6928499496475327,0.9681694844500104,1457.0,200,5,MAPS
Mast,0.8232876712328767,0.9037593984962407,0.8616487455197134,0.9932860224031169,665.0,200,5,MAPS
Monocyte,0.6588235294117647,0.5672937771345875,0.609642301710731,0.9650734015167327,1382.0,200,5,MAPS
NK,0.8100558659217877,0.69141689373297,0.7460492466005145,0.9759618729562374,1468.0,200,5,MAPS
Neutrophil,0.5841784989858012,0.8372093023255814,0.6881720430107526,0.9818409517845961,688.0,200,5,MAPS
Other,0.6039682539682539,0.7453476983349657,0.6672512056115739,0.9735963264454185,1021.0,200,5,MAPS
Treg,0.44238517324738114,0.8181818181818182,0.5742677824267782,0.9716830167675503,671.0,200,5,MAPS
Tumor,0.8801475107559926,0.8668280871670703,0.8734370234827691,0.9855632087942671,1652.0,200,5,MAPS
overall,0.6909678626210498,0.777239461422452,0.7197314134657065,0.7340847422250052,,200,5,MAPS
B,0.30108108108108106,0.17191358024691358,0.218860510805501,0.8616851040144716,3240.0,15,2,MAPS
CD4 T,0.44842562432138977,0.3305763073639274,0.3805866994317309,0.7194044388784526,7496.0,15,2,MAPS
CD8 T,0.36029562718127695,0.49943084803642573,0.41860465116279066,0.8304111876434982,3514.0,15,2,MAPS
DC,0.23337795626952254,0.27140633108458745,0.2509596928982726,0.8913935851944619,1927.0,15,2,MAPS
Endothelial,0.6961023142509135,0.6565192418150488,0.6757315991723324,0.961838168788701,1741.0,15,2,MAPS
Epithelial,0.1387900355871886,0.08666666666666667,0.106703146374829,0.9772837960064009,450.0,15,2,MAPS
Lymphatic,0.21219887237314197,0.5490716180371353,0.30609981515711643,0.9347039588116608,754.0,15,2,MAPS
M1,0.31462925851703405,0.2532258064516129,0.28060768543342274,0.9719961038057469,620.0,15,2,MAPS
M2,0.19648093841642228,0.3218943033630748,0.24401664932362116,0.8989076741111807,1457.0,15,2,MAPS
Mast,0.38389830508474576,0.681203007518797,0.4910569105691057,0.9673345856814861,665.0,15,2,MAPS
Monocyte,0.3542757417102967,0.2937771345875543,0.3212025316455696,0.9403047380505114,1382.0,15,2,MAPS
NK,0.5189289012003694,0.38283378746594005,0.4406115248921991,0.9503583107214917,1468.0,15,2,MAPS
Neutrophil,0.3852040816326531,0.438953488372093,0.41032608695652173,0.9698044945383706,688.0,15,2,MAPS
Other,0.16580310880829016,0.0940254652301665,0.12000000000000001,0.9510192722465735,1021.0,15,2,MAPS
Treg,0.36491777603758807,0.6944858420268256,0.4784394250513347,0.9646559521324706,671.0,15,2,MAPS
Tumor,0.7142857142857143,0.6265133171912833,0.6675266043211868,0.964134140402143,1652.0,15,2,MAPS
overall,0.3617934585473518,0.3970310465911283,0.36320834582472095,0.3776177555138106,,15,2,MAPS
B,0.31805929919137466,0.21851851851851853,0.25905598243688255,0.8591108328115216,3240.0,15,5,MAPS
CD4 T,0.5774986638161411,0.28828708644610457,0.38458800498309303,0.7594100048702428,7496.0,15,5,MAPS
CD8 T,0.33160711203176246,0.5466704610130905,0.41280756419899,0.8098865929172755,3514.0,15,5,MAPS
DC,0.2142237640936687,0.12817851582771148,0.1603896103896104,0.9100396576915049,1927.0,15,5,MAPS
Endothelial,0.4521072796934866,0.6777713957495692,0.5424040450471156,0.9307381896611703,1741.0,15,5,MAPS
Epithelial,0.036904761904761905,0.06888888888888889,0.04806201550387597,0.9572810130105058,450.0,15,5,MAPS
Lymphatic,0.0,0.0,0.0,0.9737354762401725,754.0,15,5,MAPS
M1,0.7073170731707317,0.0467741935483871,0.08774583963691376,0.9790231684408266,620.0,15,5,MAPS
M2,0.35607675906183367,0.45847632120796156,0.4008400840084008,0.9305294649690392,1457.0,15,5,MAPS
Mast,0.05387647831800263,0.12330827067669173,0.07498856881572931,0.9296249913031378,665.0,15,5,MAPS
Monocyte,0.4034090909090909,0.05137481910274964,0.09114249037227214,0.9507409726570654,1382.0,15,5,MAPS
NK,0.4565667011375388,0.6014986376021798,0.519106407995297,0.9430877339455924,1468.0,15,5,MAPS
Neutrophil,0.20933977455716588,0.18895348837209303,0.19862490450725745,0.9635079663257496,688.0,15,5,MAPS
Other,0.25783619817997977,0.49951028403525954,0.3401133711237079,0.9311556390454324,1021.0,15,5,MAPS
Treg,0.22049835448989186,0.698956780923994,0.33523945675482486,0.9352953454393654,671.0,15,5,MAPS
Tumor,0.5807217473884141,0.7403147699757869,0.6508781266631186,0.9543588673206707,1652.0,15,5,MAPS
overall,0.32350269112149027,0.33359265199306165,0.28162415452731804,0.35876295832463645,,15,5,MAPS
B,0.7879478827361563,0.7466049382716049,0.7667194928684627,0.9487928755305086,3240.0,200,4,MAPS
CD4 T,0.8200447735491648,0.6352721451440768,0.715928737878674,0.8685382314061086,7496.0,200,4,MAPS
CD8 T,0.834593023255814,0.8170176437108708,0.8257118205349439,0.957837612189522,3514.0,200,4,MAPS
DC,0.7270980140935298,0.5889984431759211,0.650802752293578,0.957628887497391,1927.0,200,4,MAPS
Endothelial,0.8453802639849152,0.7725445146467548,0.8073229291716687,0.9776664579419745,1741.0,200,4,MAPS
Epithelial,0.4617044228694714,0.9511111111111111,0.6216412490922294,0.9818757392332846,450.0,200,4,MAPS
Lymphatic,0.7970479704797048,0.8594164456233422,0.8270580727504787,0.9905726014054129,754.0,200,4,MAPS
M1,0.34782608695652173,0.8,0.48484848484848486,0.9633340290823071,620.0,200,4,MAPS
M2,0.6617363344051447,0.7062457103637612,0.6832669322709163,0.9668127739511584,1457.0,200,4,MAPS
Mast,0.7518072289156627,0.9383458646616541,0.8347826086956521,0.9914075001739372,665.0,200,4,MAPS
Monocyte,0.6143396226415094,0.5890014471780028,0.6014037680088657,0.9624643428650943,1382.0,200,4,MAPS
NK,0.7335092348284961,0.7574931880108992,0.745308310991957,0.9735615389967299,1468.0,200,4,MAPS
Neutrophil,0.6488991888760139,0.813953488372093,0.7221147646679561,0.9850066096152508,688.0,200,4,MAPS
Other,0.6357206012378426,0.7042115572967679,0.6682156133828996,0.9751617616364016,1021.0,200,4,MAPS
Treg,0.4440589765828274,0.7630402384500745,0.5614035087719298,0.9721700410491895,671.0,200,4,MAPS
Tumor,0.8670886075949367,0.912227602905569,0.8890855457227139,0.9869199192931191,1652.0,200,4,MAPS
overall,0.6861751395629819,0.7722177711826564,0.7128509119969632,0.7298754609336952,,200,4,MAPS
B,0.7635547000320821,0.7345679012345679,0.748780871480258,0.9444444444444444,3240.0,200,3,MAPS
CD4 T,0.8453059673128088,0.5933831376734259,0.6972879761718138,0.865650873164962,7496.0,200,3,MAPS
CD8 T,0.8138827433628318,0.8375071143995447,0.8255259467040673,0.9567244138314897,3514.0,200,3,MAPS
DC,0.6012110726643599,0.7213284898806435,0.6558150507195093,0.9492451123634592,1927.0,200,3,MAPS
Endothelial,0.8724114896459586,0.7501435956346927,0.8066707844348363,0.9782230571209908,1741.0,200,3,MAPS
Epithelial,0.5201511335012594,0.9177777777777778,0.6639871382636656,0.9854588464482015,450.0,200,3,MAPS
Lymphatic,0.7521834061135371,0.9137931034482759,0.8251497005988024,0.9898420649829541,754.0,200,3,MAPS
M1,0.40804597701149425,0.6870967741935484,0.5120192307692307,0.9717525916649273,620.0,200,3,MAPS
M2,0.74079874706343,0.6492793411118737,0.692026335040234,0.9707089682042719,1457.0,200,3,MAPS
Mast,0.7482185273159145,0.9473684210526315,0.8360982083609821,0.9914075001739372,665.0,200,3,MAPS
Monocyte,0.6230712711241734,0.613603473227207,0.6183011301494714,0.9635775412231267,1382.0,200,3,MAPS
NK,0.761935905820798,0.7935967302452316,0.7774441107774441,0.9767967717247618,1468.0,200,3,MAPS
Neutrophil,0.6762860727728983,0.7834302325581395,0.7259259259259259,0.9858415083837752,688.0,200,3,MAPS
Other,0.5495978552278821,0.8031341821743389,0.6526064464783128,0.969630557294928,1021.0,200,3,MAPS
Treg,0.4385820280296785,0.7928464977645305,0.564755838641189,0.9714742920754192,671.0,200,3,MAPS
Tumor,0.8676207513416816,0.8807506053268765,0.8741363772904777,0.985424058999513,1652.0,200,3,MAPS
overall,0.6864286030212993,0.7762254611064566,0.7172831919878888,0.7281013010505809,,200,3,MAPS
B,0.0,0.0,0.0,0.8872886662492173,3240.0,10,4,MAPS
CD4 T,0.34843542346260725,0.3847385272145144,0.3656882013567489,0.6519515758714256,7496.0,10,4,MAPS
CD8 T,0.20342205323193915,0.030449630051223676,0.052970297029702976,0.8669032213177486,3514.0,10,4,MAPS
DC,0.12158231529959279,0.1084587441619097,0.11464618760285245,0.8877061156334795,1927.0,10,4,MAPS
Endothelial,0.0,0.0,0.0,0.9394350518332986,1741.0,10,4,MAPS
Epithelial,0.02865329512893983,0.044444444444444446,0.03484320557491289,0.9614555068531274,450.0,10,4,MAPS
Lymphatic,0.04637247569184742,0.08222811671087533,0.059301769488283126,0.9315730884296946,754.0,10,4,MAPS
M1,0.0,0.0,0.0,0.9784317818131218,620.0,10,4,MAPS
M2,0.161339889366933,0.36032944406314343,0.22288261515601784,0.8726431503513532,1457.0,10,4,MAPS
Mast,0.0,0.0,0.0,0.9768663466221388,665.0,10,4,MAPS
Monocyte,0.0,0.0,0.0,0.9519237459124748,1382.0,10,4,MAPS
NK,0.28792569659442724,0.6335149863760218,0.3959131545338442,0.9012732206219995,1468.0,10,4,MAPS
Neutrophil,0.0,0.0,0.0,0.976066235302303,688.0,10,4,MAPS
Other,0.12011173184357542,0.33692458374143,0.1770913770913771,0.8887845265428234,1021.0,10,4,MAPS
Treg,0.07074989036690542,0.7213114754098361,0.12886048988285412,0.7723509357823697,671.0,10,4,MAPS
Tumor,0.0,0.0,0.0,0.9425311347665762,1652.0,10,4,MAPS
overall,0.08678704818667296,0.1688999970108374,0.0970123311072871,0.19359215195157586,,10,4,MAPS
B,0.0,0.0,0.0,0.8872886662492173,3240.0,10,3,MAPS
CD4 T,0.29573432579444603,0.2756136606189968,0.2853197072227593,0.6399499060738886,7496.0,10,3,MAPS
CD8 T,0.0,0.0,0.0,0.8777569053085646,3514.0,10,3,MAPS
DC,0.10976272414417677,0.3144784639335755,0.16272824919441461,0.7830654699784317,1927.0,10,3,MAPS
Endothelial,0.3239815526518063,0.4842044801838024,0.3882109141146673,0.9075697488346205,1741.0,10,3,MAPS
Epithelial,0.0,0.0,0.0,0.9843456480901691,450.0,10,3,MAPS
Lymphatic,0.0,0.0,0.0,0.9737702636888611,754.0,10,3,MAPS
M1,0.0,0.0,0.0,0.9784317818131218,620.0,10,3,MAPS
M2,0.0,0.0,0.0,0.9493146872608363,1457.0,10,3,MAPS
Mast,0.0,0.0,0.0,0.9768663466221388,665.0,10,3,MAPS
Monocyte,0.13157894736842105,0.05065123010130246,0.07314524555903866,0.9382870660265776,1382.0,10,3,MAPS
NK,0.1934826883910387,0.194141689373297,0.1938116286977219,0.9175189591595352,1468.0,10,3,MAPS
Neutrophil,0.0,0.0,0.0,0.976066235302303,688.0,10,3,MAPS
Other,0.0,0.0,0.0,0.9644820148890281,1021.0,10,3,MAPS
Treg,0.06283303730017761,0.8435171385991058,0.11695423080896786,0.7026716760592778,671.0,10,3,MAPS
Tumor,0.09565548780487805,0.15193704600484262,0.11739943872778297,0.8687121686495513,1652.0,10,3,MAPS
overall,0.07581429771593404,0.14465898180093267,0.08359808839533453,0.16304877200306128,,10,3,MAPS
B,0.6380189366351056,0.5407407407407407,0.5853658536585364,0.9136575523551103,3240.0,50,1,MAPS
CD4 T,0.706111833550065,0.43463180362860193,0.5380677126341866,0.8053990120364573,7496.0,50,1,MAPS
CD8 T,0.6788860471724922,0.6798520204894707,0.6793686904592635,0.9215543032074027,3514.0,50,1,MAPS
DC,0.3688489516474112,0.44732745199792423,0.40431519699812385,0.9116398803311765,1927.0,50,1,MAPS
Endothelial,0.7923940149625935,0.730040206777714,0.7599402092675636,0.9720656787031239,1741.0,50,1,MAPS
Epithelial,0.2738432483474976,0.6444444444444445,0.38436050364479785,0.9676824601683712,450.0,50,1,MAPS
Lymphatic,0.5790575916230366,0.73342175066313,0.6471620830895259,0.9790231684408266,754.0,50,1,MAPS
M1,0.24504692387904067,0.7580645161290323,0.37037037037037035,0.944409656995756,620.0,50,1,MAPS
M2,0.6081982840800763,0.4378860672614962,0.5091779728651236,0.9572114381131288,1457.0,50,1,MAPS
Mast,0.6458569807037458,0.8556390977443609,0.7360931435963778,0.9858067209350866,665.0,50,1,MAPS
Monocyte,0.4691011235955056,0.3625180897250362,0.40897959183673466,0.9496277742990329,1382.0,50,1,MAPS
NK,0.7768496420047732,0.4434604904632153,0.5646140503035559,0.9650734015167327,1468.0,50,1,MAPS
Neutrophil,0.4875,0.6802325581395349,0.5679611650485437,0.9752313365337786,688.0,50,1,MAPS
Other,0.2681715575620767,0.5817825661116552,0.3671199011124845,0.928755305085925,1021.0,50,1,MAPS
Treg,0.36759457530335476,0.767511177347243,0.49710424710424717,0.9637514784665693,671.0,50,1,MAPS
Tumor,0.8072060682680152,0.7730024213075061,0.7897340754483613,0.9763445348918111,1652.0,50,1,MAPS
overall,0.5445428612084244,0.6169097126856942,0.5506084229648623,0.5586168510401447,,50,1,MAPS
B,0.8191663931736134,0.7703703703703704,0.7940194051216797,0.9549502539483754,3240.0,500,1,MAPS
CD4 T,0.8508417508417508,0.6742262540021344,0.7523072342959214,0.8842273707646281,7496.0,500,1,MAPS
CD8 T,0.8404488232074439,0.8739328400682982,0.8568638392857142,0.9643080776455855,3514.0,500,1,MAPS
DC,0.7328519855595668,0.6320705760249092,0.6787405962663695,0.9598900716621444,1927.0,500,1,MAPS
Endothelial,0.8704259148170366,0.8334290637564618,0.8515258215962441,0.9823975509636124,1741.0,500,1,MAPS
Epithelial,0.6777583187390543,0.86,0.7580803134182174,0.9914075001739372,450.0,500,1,MAPS
Lymphatic,0.7963594994311718,0.9283819628647215,0.8573178199632577,0.9918945244555765,754.0,500,1,MAPS
M1,0.5516778523489932,0.6629032258064517,0.6021978021978022,0.9811104153621374,620.0,500,1,MAPS
M2,0.7001278772378516,0.7515442690459849,0.7249255213505462,0.9710916301398456,1457.0,500,1,MAPS
Mast,0.7568862275449102,0.9503759398496241,0.8426666666666667,0.9917901621095109,665.0,500,1,MAPS
Monocyte,0.6780669144981413,0.6599131693198264,0.6688668866886689,0.9685869338342726,1382.0,500,1,MAPS
NK,0.8057761732851986,0.7602179836512262,0.7823343848580442,0.9783969943644333,1468.0,500,1,MAPS
Neutrophil,0.6429353778751369,0.8531976744186046,0.7332916926920674,0.9851457594100048,688.0,500,1,MAPS
Other,0.5373317013463892,0.8599412340842312,0.6613935969868173,0.9687260836290267,1021.0,500,1,MAPS
Treg,0.48762603116406966,0.7928464977645305,0.6038592508513053,0.9757183608154179,671.0,500,1,MAPS
Tumor,0.8439911797133407,0.9267554479418886,0.8834391229082516,0.9859458707298406,1652.0,500,1,MAPS
overall,0.7245170012989792,0.7993816568105789,0.7532393721967234,0.7677937800041745,,500,1,MAPS
B,0.48980891719745223,0.23734567901234568,0.31975051975051977,0.8861754678911848,3240.0,10,2,MAPS
CD4 T,0.472700296735905,0.21251334044823905,0.293208172280508,0.7328323940722188,7496.0,10,2,MAPS
CD8 T,0.25802615933412604,0.30876494023904383,0.28112449799196787,0.8069644472274403,3514.0,10,2,MAPS
DC,0.22896039603960397,0.192008303061754,0.20886254586508607,0.9024907813260975,1927.0,10,2,MAPS
Endothelial,0.3758687795385043,0.7765651924181505,0.5065567628325215,0.9083698601544563,1741.0,10,2,MAPS
Epithelial,0.06870229007633588,0.02,0.030981067125645436,0.980414666388367,450.0,10,2,MAPS
Lymphatic,0.03375796178343949,0.14058355437665782,0.054442732408834106,0.8719126139288944,754.0,10,2,MAPS
M1,0.06911447084233262,0.05161290322580645,0.05909510618651893,0.9645515897864051,620.0,10,2,MAPS
M2,0.2036336109008327,0.18462594371997254,0.19366450683945285,0.9220761149377305,1457.0,10,2,MAPS
Mast,0.23961661341853036,0.22556390977443608,0.23237800154918667,0.9655256383496834,665.0,10,2,MAPS
Monocyte,0.4,0.001447178002894356,0.002883922134102379,0.9518889584637863,1382.0,10,2,MAPS
NK,0.4697653429602888,0.7091280653950953,0.5651465798045603,0.9442705072010019,1468.0,10,2,MAPS
Neutrophil,0.0,0.0,0.0,0.9760314478536144,688.0,10,2,MAPS
Other,0.17000871839581516,0.3819784524975514,0.23529411764705882,0.9118138175746191,1021.0,10,2,MAPS
Treg,0.17611241217798596,0.5603576751117735,0.2679971489665004,0.9285465803937939,671.0,10,2,MAPS
Tumor,0.41147859922178986,0.5121065375302664,0.45631067961165045,0.9298685034439574,1652.0,10,2,MAPS
overall,0.2542221605389339,0.2821626046758742,0.2317310225621321,0.2918666944966256,,10,2,MAPS
B,0.0,0.0,0.0,0.8872886662492173,3240.0,10,5,MAPS
CD4 T,0.3161773306819511,0.3605923159018143,0.3369273917108133,0.6298963334029082,7496.0,10,5,MAPS
CD8 T,0.0,0.0,0.0,0.8777569053085646,3514.0,10,5,MAPS
DC,0.09850275807722617,0.06486766995329528,0.07822277847309138,0.8975161761636402,1927.0,10,5,MAPS
Endothelial,0.0,0.0,0.0,0.9394350518332986,1741.0,10,5,MAPS
Epithelial,0.027131782945736434,0.04666666666666667,0.034313725490196074,0.9588812356501775,450.0,10,5,MAPS
Lymphatic,0.0,0.0,0.0,0.9737702636888611,754.0,10,5,MAPS
M1,0.0,0.0,0.0,0.9784317818131218,620.0,10,5,MAPS
M2,0.16685082872928178,0.7254632807137955,0.2713039014373717,0.8024768663466222,1457.0,10,5,MAPS
Mast,0.0,0.0,0.0,0.9768663466221388,665.0,10,5,MAPS
Monocyte,0.0,0.0,0.0,0.9519237459124748,1382.0,10,5,MAPS
NK,0.11730720924390857,0.3181198910081744,0.1714075977243531,0.842934669171363,1468.0,10,5,MAPS
Neutrophil,0.0,0.0,0.0,0.976066235302303,688.0,10,5,MAPS
Other,0.0,0.0,0.0,0.9644820148890281,1021.0,10,5,MAPS
Treg,0.06277111508037765,0.7332339791356185,0.11564226113526853,0.7382244486189383,671.0,10,5,MAPS
Tumor,0.0,0.0,0.0,0.9425311347665762,1652.0,10,5,MAPS
overall,0.0492963140474051,0.14055898771121028,0.06298860349819338,0.16924093786961664,,10,5,MAPS
B,0.6559725007161272,0.7067901234567902,0.6804338136978161,0.9251721978710081,3240.0,100,1,MAPS
CD4 T,0.8185031185031185,0.5252134471718249,0.6398504794409231,0.8458220274125096,7496.0,100,1,MAPS
CD8 T,0.841225626740947,0.7734775184974388,0.8059303187546331,0.9544632296667362,3514.0,100,1,MAPS
DC,0.5303092783505154,0.6673585884795018,0.5909926470588236,0.9380783413344466,1927.0,100,1,MAPS
Endothelial,0.8307322929171669,0.7949454336588168,0.8124449662459642,0.9777708202880401,1741.0,100,1,MAPS
Epithelial,0.5703125,0.8111111111111111,0.6697247706422018,0.9874765184721352,450.0,100,1,MAPS
Lymphatic,0.6645833333333333,0.8461538461538461,0.7444574095682613,0.9847630974744312,754.0,100,1,MAPS
M1,0.3609022556390977,0.6193548387096774,0.45605700712589076,0.9681346970013219,620.0,100,1,MAPS
M2,0.6871035940803383,0.6691832532601235,0.6780250347705147,0.9677868225144368,1457.0,100,1,MAPS
Mast,0.7906666666666666,0.8917293233082707,0.8381625441696114,0.9920336742503305,665.0,100,1,MAPS
Monocyte,0.5537948290241869,0.4804630969609262,0.5145292522278186,0.956411326793293,1382.0,100,1,MAPS
NK,0.7515316541865215,0.7520435967302452,0.7517875383043923,0.9746399499060739,1468.0,100,1,MAPS
Neutrophil,0.606359649122807,0.8037790697674418,0.6912499999999999,0.9828150003478745,688.0,100,1,MAPS
Other,0.4443772672309553,0.7198824681684622,0.5495327102803739,0.9580811243303416,1021.0,100,1,MAPS
Treg,0.45590994371482174,0.7242921013412816,0.5595854922279794,0.9733876017532874,671.0,100,1,MAPS
Tumor,0.75678391959799,0.9116222760290557,0.8270181219110377,0.9780839073262367,1652.0,100,1,MAPS
overall,0.6449417768640371,0.7310875058003009,0.6756113816516401,0.6824601683712517,,100,1,MAPS
B,0.3911007025761124,0.15462962962962962,0.22163238221632378,0.8775829680651221,3240.0,20,1,MAPS
CD4 T,0.5404255319148936,0.2371931696905016,0.3296866308177267,0.7484867459820497,7496.0,20,1,MAPS
CD8 T,0.3339920948616601,0.5771200910643142,0.4231170456916336,0.8076254087525221,3514.0,20,1,MAPS
DC,0.1839491458085022,0.2402698495070057,0.20837083708370835,0.8776177555138106,1927.0,20,1,MAPS
Endothelial,0.3356605800214823,0.35898908673176333,0.3469331112961421,0.9181451332359285,1741.0,20,1,MAPS
Epithelial,0.0,0.0,0.0,0.9843456480901691,450.0,20,1,MAPS
Lymphatic,0.20509708737864077,0.22413793103448276,0.21419518377693283,0.9568635636262437,754.0,20,1,MAPS
M1,0.15806988352745424,0.1532258064516129,0.1556101556101556,0.964134140402143,620.0,20,1,MAPS
M2,0.16007276034561163,0.24159231297185998,0.1925601750547046,0.897307451471509,1457.0,20,1,MAPS
Mast,0.37251184834123224,0.5909774436090226,0.4569767441860465,0.9675085229249287,665.0,20,1,MAPS
Monocyte,0.3404722679846238,0.44862518089725034,0.3871370590071807,0.9317122382244486,1382.0,20,1,MAPS
NK,0.6427703523693803,0.3603542234332425,0.4618070711479703,0.9571070757670632,1468.0,20,1,MAPS
Neutrophil,0.3888888888888889,0.4069767441860465,0.39772727272727276,0.9705002435121408,688.0,20,1,MAPS
Other,0.15205627705627706,0.2752203721841332,0.19588706866504008,0.9197453558756001,1021.0,20,1,MAPS
Treg,0.2431592039800995,0.5827123695976155,0.34313295304958313,0.9479231893132958,671.0,20,1,MAPS
Tumor,0.6026966292134831,0.8117433414043583,0.6917719886510187,0.9584289988172268,1652.0,20,1,MAPS
overall,0.31568270339177135,0.35398547202455244,0.31415910493634,0.3425172197871008,,20,1,MAPS
