ligand,receptor,median_responder,median_nonresponder,difference
TGFB2,TGFBR1_TGFBR2,61.224489795918366,64.02930402930403,-2.804814233
TGFB3,TGFBR1_TGFBR2,59.58161633556799,65.625,-6.043383664
TGFB1,ACVR1B_TGFBR2,57.861635220125784,53.58969887222416,4.271936347901622
TGFB2,ACVR1B_TGFBR2,51.65562913907284,49.02597402597402,2.6296551130988206
TGFB3,ACVR1B_TGFBR2,51.62723262485733,51.78571428571429,-0.158481661
BMP2,BMPR1A_ACVR2A,43.51851851851852,42.01680672268907,1.5017117958294506
BMP2,BMPR1A_BMPR2,52.66412074922714,47.25822532402792,5.405895425199219
BMP4,BMPR1A_ACVR2A,41.12903225806452,47.22222222222222,-6.093189964
BMP4,BMPR1A_BMPR2,50,48.40425531914894,1.5957446808510625
GDF6,BMPR1A_ACVR2A,47.69230769230769,41.01681957186545,6.675488120442246
GDF6,BMPR1A_BMPR2,53.84615384615385,46.127450980392155,7.718702865761692
BMP5,ACVR1_ACVR2A,47.64150943396227,50.83333333333333,-3.191823899
BMP5,ACVR1_BMPR2,56.173780487804876,53.02013422818792,3.1536462596169557
BMP5,BMPR1A_ACVR2A,51.96414950419528,52.5,-0.535850496
BMP5,BMPR1A_BMPR2,52.68878719,48.92086330935252,3.767923876002179
BMP6,ACVR1_ACVR2A,50,51.42857142857142,-1.428571429
BMP6,ACVR1_BMPR2,54.71698113207547,52.52525252525253,2.1917286068229345
BMP6,BMPR1A_ACVR2A,46.666666666666664,48.4375,-1.770833333
BMP6,BMPR1A_BMPR2,54.71698113207547,45.69536424,9.021616894
BMP7,ACVR1_ACVR2A,56.36562804284324,35.956996434937615,20.408631607905626
BMP7,ACVR1_BMPR2,61.28883774453395,42.56350267379679,18.72533507073716
BMP7,BMPR1A_ACVR2A,54.11851036507063,37.633689839572185,16.484820525498442
BMP7,BMPR1A_BMPR2,56.741882223445245,41.58311051693405,15.158771706511196
GDF9,ACVR1B_BMPR2,48.07024709005513,46.24819624819625,1.822050841858882
GDF10,ACVR1B_ACVR2A,37.64948179643902,41.743589743589745,-4.094107947
GDF15,TGFBR2,44.329896907216494,53.57142857142857,-9.241531664
INHBA,ACVR1B_ACVR2A,31.01851851851852,28.960285586791613,2.0582329317269057
INHBB,ACVR1B_ACVR2A,40.25036109773712,38.372093023255815,1.878268074481305
WNT5A,FZD1,34.95145631067961,27.69607843137255,7.255377879307062
WNT5A,FZD3,28.07017543859649,21.50907091808686,6.561104521
WNT5A,FZD4,28.81355932,29.66644204851752,-0.852882726
WNT5A,FZD5,17.857142857142858,12.86745507602519,4.989687781117668
WNT5A,FZD6,22.07792207792208,23.622504785343178,-1.544582707
WNT5A,FZD7,18.39622641509434,14.495798319327731,3.9004280957666086
WNT5A,FZD8,14.77832512315271,15.73198773633112,-0.953662613
WNT5B,FZD1,36.37417218543047,29.72972972972973,6.644442455700737
WNT5B,FZD3,35.128205128205124,26.506024096385545,8.622181032
WNT5B,FZD4,29.273504273504273,31.48148148148148,-2.207977208
WNT5B,FZD5,20.183290707587382,17.67676767676768,2.5065230308197037
WNT5B,FZD6,26.560887512899896,25.49019607843137,1.0706914344685252
WNT5B,FZD7,18.566694283347143,17.91044776119403,0.6562465221531149
WNT5B,FZD8,18.30392156862745,16.32653061,1.9773909563825534
WNT11,FZD1,42.30769230769231,36.97478991596639,5.332902391725916
WNT11,FZD3,35.38461538461539,22,13.384615384615387
WNT11,FZD4,37.69230769230769,30.18867924528302,7.503628447024674
WNT11,FZD5,21.21212121212121,32,-10.78787879
WNT11,FZD6,29.230769230769234,27.956989247311824,1.273779983457409
WNT11,FZD7,24.242424242424242,16.98113208,7.261292166952543
WNT11,FZD8,29.230769230769234,14.285714285714285,14.945054945054949
EGF,EGFR,19.11928651059086,20.37037037037037,-1.25108386
EGF,EGFR_ERBB2,36.904761904761905,36.76470588235294,0.1400560224089631
AREG,EGFR,19.402985074626866,15.384615384615385,4.018369690011481
AREG,EGFR_ERBB2,41.37931034482759,32.075471698113205,9.303838646714382
NRG1,ERBB3,21.949891067538125,25.49019607843137,-3.540305011
NRG1,ERBB2_ERBB3,43.72526851328434,43.18181818181818,0.5434503314661612
FGF1,FGFR1,49.22279792746114,43.269230769230774,5.9535671582303635
FGF1,FGFR2,18.26086956521739,14.814814814814813,3.4460547504025776
FGF1,FGFR3,22.105263157894736,24.615384615384617,-2.510121457
FGF2,FGFR1,50.45454545454545,49.01960784313725,1.434937611408202
FGF2,FGFR2,21.243589743589745,16.071428571428573,5.1721611721611715
FGF2,FGFR3,32.65625,28.40909090909091,4.247159091
FGF7,FGFR1,45.55555555555556,40.74074074074074,4.814814814814817
FGF7,FGFR2,19.402985074626866,14.285714285714285,5.117270788912581
FGF18,FGFR1,46.34469696969697,46.05263157894737,0.2920653907495989
FGF18,FGFR2,19.39862861378799,20.76271186440678,-1.364083251
FGF18,FGFR3,23.985507246376812,28.07017543859649,-4.084668192
FGF9,FGFR1,50.641025641025635,45.953326713008934,4.687698928016701
FGF9,FGFR2,18.37823054833858,17.61329075425791,0.7649397940806679
FGF9,FGFR3,26.601447333154653,26.892712550607293,-0.291265217
PDGFA,PDGFRA,23.875,17.79380111924236,6.081198881
PDGFA,PDGFRB,35.16483516483517,36.47450110864745,-1.309665944
PDGFB,PDGFRA,26.136363636363633,18.809041835357625,7.327321801006008
PDGFB,PDGFRB,41.535714285714285,30.41833088080723,11.117383404907056
PDGFC,PDGFRA,23.636363636363637,19.270247469066366,4.366116167297271
PDGFD,PDGFRB,50.98039215686274,28.575757575757578,22.404634581105164
VEGFA,FLT1,37.582101806239734,34.375,3.2071018062397343
VEGFA,KDR,18.54100285091397,17.142857142857142,1.398145708056827
VEGFB,FLT1,45.65217391304348,35.84905660377358,9.803117309269894
VEGFC,KDR,27.906976744186046,25,2.9069767441860463
VEGFD,KDR,23.711340206185564,23.002645502645503,0.7086947035400613
PGF,FLT1,51.32352941176471,43.39622641509434,7.927302997
VEGFA,FLT1_KDR,42.857142857142854,42.5,0.3571428571428541
IGF1,IGF1R,16.496585491560367,16.030534351145036,0.46605114041533113
IGF2,IGF1R,16.328929690998656,16.666666666666664,-0.337736976
IGF2,IGF2R,28.33507034914018,34.623655913978496,-6.288585565
IGF1,ITGA6_ITGB4,42.12962962962963,41.02564102564102,1.1039886039886113
IGF2,ITGA6_ITGB4,41.17215349129796,40.74074074074074,0.4314127505572216
INS,INSR,53.246753246753244,57.19548872180451,-3.948735475
CCL5,CCR1,36.43134023135855,36.84445502708495,-0.413114796
CCL3,CCR1,35.80916237462727,34.61538461538461,1.193777759242657
CCL3L3,CCR1,37.682038834951456,39.23076923076923,-1.548730396
CCL8,CCR1,38,40.816326530612244,-2.816326531
CCL7,CCR1,46,48.660714285714285,-2.660714286
CCL13,CCR1,40.40444623007902,40.27899962297349,0.12544660710553046
CCL15,CCR1,36.014405762304925,41.54589371980676,-5.531487958
CCL23,CCR1,41.46270396270397,42.04545454545455,-0.582750583
CCL8,CCR2,23.48993288590604,22.35294117647059,1.1369917094354491
CCL7,CCR2,31.818181818181817,24.03846153846154,7.7797202797202765
CCL2,CCR2,17.822789493155753,20.698515416825273,-2.875725924
CCL4,CCR5,31.84421162230754,30.06943026342659,1.7747813588809507
CCL5,CCR5,27.605701191105737,30.42777877214963,-2.822077581
CCL3,CCR5,26.590918057363794,25.833333333333336,0.7575847240304583
CCL19,CCR7,18.60465116,27.493796526054588,-8.889145363
CCL21,CCR7,20.155038759689923,23.39924670433145,-3.244207945
CCL19,ACKR4,15.827338129496402,15.155539548912799,0.6717985805836033
CCL21,ACKR4,18.466898954703833,16.727493917274938,1.7394050374288952
CCL28,CCR10,25.29787234042553,19.874755381604693,5.423116958820838
CCL13,ACKR4,18.692396313364057,16.76561428,1.9267820374546574
CCL8,ACKR4,20.155038759689923,15.53398058252427,4.6210581771656525
CCL2,ACKR1,8.469344608879492,9.697325889,-1.22798128
CCL5,ACKR1,11.435265532801111,8.402996417,3.0322691154740014
CCL8,ACKR1,11.504424778761061,8.235294117647058,3.269130661114003
CCL13,ACKR1,9.490509490509492,9.918032786885245,-0.427523296
CCL18,ACKR1,11.766091051805338,7.637031209021767,4.129059842783571
CXCL1,ACKR1,10.569105691056912,9.836065573770492,0.7330401172864196
CXCL2,ACKR1,11.466942148760332,8.333333333333332,3.1336088154269994
CXCL3,ACKR1,10.639501980758347,8.914547494390426,1.7249544863679205
CXCL5,ACKR1,13.592233009708737,10.909090909090908,2.683142100617829
CXCL6,ACKR1,11.76470588235294,11.181818181818182,0.5828877005347586
CXCL8,ACKR1,8.333333333333332,7.462686567164178,0.8706467661691537
CXCL9,ACKR1,14.345206450469608,6.8181818181818175,7.527024632
CXCL10,ACKR1,9.836065573770492,8.022988505747126,1.8130770680233663
CCL7,ACKR1,16.176470588235293,10.605590062111801,5.570880526123492
CCL11,ACKR1,11.650485436893204,10.101867572156197,1.5486178647370075
CXCL1,CXCR1,12.121212121212121,10.344827586206897,1.7763845350052243
CXCL2,CXCR1,12.985948477751755,10.106382978723403,2.8795654990283523
CXCL3,CXCR1,13.624338624338623,11.361336032388664,2.2630025919499595
CXCL5,CXCR1,17.647058823529413,10.144927536231885,7.502131287297528
CXCL6,CXCR1,14.457831325301203,13.515981735159817,0.9418495901413859
CXCL8,CXCR1,12.686567164179104,10,2.6865671641791042
CXCL1,CXCR2,18,14.596273291925465,3.403726708074535
CXCL2,CXCR2,17.482435597189696,14.18918918918919,3.293246408000506
CXCL3,CXCR2,16.912225705329156,13.314054366685944,3.598171338643212
CXCL5,CXCR2,25,23.14814814814815,1.8518518518518512
CXCL6,CXCR2,21.518987341772153,16.333333333333332,5.185654008438821
CXCL8,CXCR2,17.46031746031746,14.864864864864865,2.5954525954525938
PPBP,CXCR2,24.074074074074073,25.581395348837212,-1.507321275
CXCL9,CXCR3,29.449472096530922,20.855614973262032,8.593857123
CXCL10,CXCR3,21.693121693121693,21.637026903784772,0.056094789336921025
PF4,CXCR3,34.48275862068966,29.804634257155836,4.678124363533822
CXCL12,CXCR4,42.76729559748428,50.97198744264671,-8.204691845
CXCL12,ACKR3,21.73913043478261,22.40143369175627,-0.662303257
CXCL16,CXCR6,16.988165680473372,12.084733109369168,4.903432571104204
MIF,CD74_CXCR4,82.52419817,85.08929393353586,-2.565095761
MIF,CD74_CD44,83.04008850023706,84.42265795206973,-1.382569452
MIF,CD74_CXCR2,78.19958322932156,80.1056338,-1.906050573
MIF,ACKR3,18.38996763754045,19.16265249489502,-0.772684857
CX3CL1,CX3CR1,20.689655172413794,26.190476190476193,-5.500821018
IL2,IL2RA_IL2RB_IL2RG,76.67356287867594,80.70175439,-4.028191507
IL2,IL2RB_IL2RG,67.98679867986797,69.70310391363023,-1.716305234
IL7,IL7R_IL2RG,67.14341693,72.46376811594203,-5.320351188
IL15,IL15RA_IL2RB,68.62745098039215,67.24137931034483,1.386071670047329
CSF2,CSF2RA_CSF2RB,50.689590024560744,61.31682042209023,-10.6272304
IL6,IL6R_IL6ST,52.69395066832024,64.04250559284117,-11.34855492
CLCF1,CNTFR_LIFR,31.32653061,30.057803468208093,1.2687271440368058
LIF,LIFR_IL6ST,46.37681159,55.83486882512942,-9.458057231
OSM,LIFR_IL6ST,49.107142857142854,55.00000000000001,-5.892857143
OSM,OSMR_IL6ST,55.55555555555556,59.57446808510638,-4.01891253
IL10,IL10RA_IL10RB,50.57416267942583,55.67707463683419,-5.102911957
IL1A,IL1R1_IL1RAP,55.223880597014926,51.77639751552795,3.447483081486979
IL1B,IL1R1_IL1RAP,53.75,49.29577464788733,4.4542253521126725
IL1A,IL1R2,26.5625,22.110492845786965,4.452007154213035
IL1B,IL1R2,23.728813559322035,24.390243902439025,-0.661430343
IL33,IL1RL1_IL1RAP,38.888888888888886,36.97478991596639,1.9140989729224955
IL17B,IL17RB,29.91541353383458,28.051948051948052,1.8634654818865286
IL34,CSF1R,33.73309161902105,38.94296448087432,-5.209872862
CSF1,CSF1R,33.858560794044664,38.75,-4.891439206
IL16,CD4,31.463673077692032,34.34707114039119,-2.883398063
CSF3,CSF3R,17.796610169491526,15.625,2.171610169491526
IFNB1,IFNAR1_IFNAR2,61.458333333333336,60.59379217273954,0.8645411605937952
IFNA1,IFNAR1_IFNAR2,62.85714285714286,54.26086956521739,8.596273292
IFNG,IFNGR1_IFNGR2,72.93233082706767,72.22222222222221,0.710108605
TNF,TNFRSF1A,47.42857142857143,51.358024691358025,-3.929453263
TNF,TNFRSF1B,15.853658536585366,28.081841432225065,-12.2281829
TNFSF14,LTBR,30.41095890410959,30.663042319582132,-0.252083415
TNFSF14,TNFRSF14,26.56601393231309,39.58220293000542,-13.016189
FASLG,FAS,41.58615136876007,53.44827586206896,-11.86212449
TNFSF10,TNFRSF10A,10.86086368248957,7.101449275362318,3.7594144071272524
KLK3,NGFR,20.52304964539007,20.833333333333336,-0.310283688
TNFSF12,TNFRSF12A,66.21198568872987,58.97435897435898,7.237626714
CD70,CD27,29.59949937421777,42.16836734693878,-12.56886797
TNFSF9,TNFRSF9,19.81566820276498,23.72308991,-3.907421709
TNFSF4,TNFRSF4,19.332591768631815,16.071428571428573,3.261163197203242
TNFSF18,TNFRSF18,33.33333333333333,31.57894736842105,1.7543859649122773
TNFSF13B,TNFRSF17,15,12.643678160919542,2.356321839080458
TNFSF13B,TNFRSF13B,22.950819672131146,12.727272727272727,10.22354694485842
CD40LG,ITGA5_ITGB1,67.57246376811594,62.19037372883527,5.382090039280669
CD40LG,ITGAM_ITGB2,55.97069597069597,62.437810945273625,-6.467114975
SPP1,CD44,42.72300469483568,45.76085495,-3.037850259
SPP1,ITGAV_ITGB1,75.55555555555556,72.94586577678902,2.609689778766537
SPP1,ITGAV_ITGB5,66.88311688311688,64.42269866,2.460418220646389
SPP1,ITGAV_ITGB6,57.03125,55.31510773446257,1.716142265537428
SPP1,ITGA9_ITGB1,65.30612245,61.89985795454545,3.406264494
SPP1,ITGA5_ITGB1,71.25984251968504,63.600478468899524,7.659364050785513
ANGPTL1,ITGA1_ITGB1,73.08295153,70.73863636363637,2.344315168
ANGPT1,TEK,21.402116402116402,19.230769230769234,2.1713471713471684
ANGPT2,TEK,19.329736459846444,20.227592379491114,-0.89785592
ANGPT2,ITGA5_ITGB1,72.47846624,72.57733585858585,-0.098869618
PROK2,PROKR1,12.857142857142856,9.734513274336283,3.1226295828065727
NPPB,NPR1,10.69767441860465,8.270676691729323,2.426997726875328
NPPC,NPR2,18.023255813953487,19.152024446142093,-1.128768632
KITLG,KIT,20.588235294117645,18.194444444444443,2.393790849673202
HGF,MET,18.237955490339935,13.77104377104377,4.466911719296165
ANXA1,FPR1,30.270184807813926,20.59800664451827,9.672178163295655
GAS6,AXL,21.559603527416257,21.776315789473685,-0.216712262
GAS6,MERTK,20.469744581419707,18.581463182332282,1.8882813990874254
LGALS9,PTPRC,44.57176532,48.23529411764706,-3.663528795
RARRES2,CMKLR1,25.454545454545453,22,3.4545454545454533
LGALS9,HAVCR2,18.623063683304647,20.76502732240437,-2.141963639
LGALS9,CD44,44.67374448288203,40.27777777777778,4.395966705
COL1A1,ITGA1_ITGB1,71.70187282229965,73.97260273972603,-2.270729917
COL1A2,ITGA1_ITGB1,76.47058823529412,74.55621301775149,1.9143752175426272
COL4A1,ITGA1_ITGB1,76.05372352041931,83.58208955,-7.528366032
COL4A2,ITGA1_ITGB1,76.9045045,82.30088495575221,-5.396380451
COL4A5,ITGA1_ITGB1,73.54741971760589,70.49180327868852,3.055616438917369
COL6A1,ITGA1_ITGB1,74.35897435897436,79.13669064748201,-4.777716289
COL6A2,ITGA1_ITGB1,72.95683311862705,75.37796976,-2.421136644
COL6A3,ITGA1_ITGB1,73.20846356216131,78.08229694457239,-4.873833382
COL9A1,ITGA1_ITGB1,78.72749653792891,63.637102014294996,15.090394523633918
COL9A2,ITGA1_ITGB1,69.50354609929079,73.98981466021039,-4.486268561
COL9A3,ITGA1_ITGB1,74.45309603262885,67.21311475409836,7.239981278530493
COL1A1,ITGA2_ITGB1,62.65115034777956,65.94948550046773,-3.298335153
COL1A2,ITGA2_ITGB1,65.75342465753424,68.18181818181817,-2.428393524
COL4A1,ITGA2_ITGB1,69.08470290771174,73.94957983193278,-4.864876924
COL4A2,ITGA2_ITGB1,68.34076365511176,71.71052631578947,-3.369762661
COL4A5,ITGA2_ITGB1,61.97162498171713,61.47540983606557,0.4962151456515542
COL6A1,ITGA2_ITGB1,66.39427987742594,70.30716723549489,-3.912887358
COL6A2,ITGA2_ITGB1,64.39114391143912,68.10344827586206,-3.712304364
COL6A3,ITGA2_ITGB1,62.62431036300383,70.64653302091469,-8.022222658
COL9A1,ITGA2_ITGB1,60.963020030816644,57.79767041,3.1653496252946454
COL9A2,ITGA2_ITGB1,60.79545454545454,65.48331338917697,-4.687858844
COL9A3,ITGA2_ITGB1,63.916666666666664,57.57575757575758,6.340909090909086
FN1,ITGA3_ITGB1,62.65625,69.07216495,-6.415914948
FN1,ITGA5_ITGB1,68.64583333333334,73.19587628865979,-4.550042955
THBS1,ITGA3_ITGB1,61.4484127,66.92111959287531,-5.472706894
THBS2,ITGA3_ITGB1,61.80555555555556,66.95652173913044,-5.150966184
COL1A1,ITGA3_ITGB1,62.37025147137506,62.99212598425197,-0.621874513
COL1A2,ITGA3_ITGB1,64.66512702078522,65.51724137931035,-0.852114359
COL4A1,ITGA3_ITGB1,66.40580506061346,73.93939393939394,-7.533588879
COL4A2,ITGA3_ITGB1,66.74856674856674,69.85645933014354,-3.107892582
COL4A5,ITGA3_ITGB1,61.96506318360413,58.02469136,3.940371825579433
COL6A1,ITGA3_ITGB1,65,69.78417266,-4.784172662
COL6A2,ITGA3_ITGB1,62.663151711391606,68.25842696629213,-5.595275255
COL6A3,ITGA3_ITGB1,62.89811533316122,69.30065359477125,-6.402538262
COL9A1,ITGA3_ITGB1,64.36227951153325,53.98391812865496,10.378361382878282
COL9A2,ITGA3_ITGB1,61.111111111111114,65.25589983266978,-4.144788722
COL9A3,ITGA3_ITGB1,64.89695340501792,58.333333333333336,6.563620071684589
COL1A1,ITGA9_ITGB1,60.178069823434996,66.41721234798878,-6.239142525
COL1A2,ITGA9_ITGB1,63.76944190301921,66.18635926993277,-2.416917367
COL4A1,ITGA9_ITGB1,64.12957074721781,71.51515151515152,-7.385580768
COL4A2,ITGA9_ITGB1,65.82528735632184,70.79646017699115,-4.971172821
COL4A5,ITGA9_ITGB1,60.03364049,60.65573770491803,-0.622097219
COL6A1,ITGA9_ITGB1,61.06870229007634,69.96587030716724,-8.897168017
COL6A2,ITGA9_ITGB1,61.49306472362825,70.25723473,-8.764170003
COL6A3,ITGA9_ITGB1,60.228758169934636,71.6478979,-11.41913973
COL9A1,ITGA9_ITGB1,62.343283582089555,59.123731459797035,3.2195521222925194
COL9A2,ITGA9_ITGB1,61.261261261261254,68.38490644275126,-7.123645181
COL9A3,ITGA9_ITGB1,64.93410852713178,63.030303030303024,1.9038054968287597
FN1,ITGAV_ITGB1,75.79595302,76.816609,-1.020655975
VTN,ITGAV_ITGB1,79.75848188614145,77.71580164614653,2.0426802399949224
VTN,ITGAV_ITGB5,73.52579852579854,71.68464730290457,1.841151223
FN1,ITGAV_ITGB6,56.85571687840291,56.00000000000001,0.8557168784029017
VTN,ITGAV_ITGB8,71.58135063686613,67.75956284153006,3.8217877953360784
FN1,ITGAV_ITGB8,68.15727072961799,62.40458015267175,5.752690576946243
COL1A1,ITGAV_ITGB8,65.23737826062502,61.040235525024535,4.197142735600487
COL1A2,ITGAV_ITGB8,67.96699174793699,61.61187699,6.355114759601889
COL4A1,ITGAV_ITGB8,66.58406920165795,67.34006734006735,-0.755998138
COL4A2,ITGAV_ITGB8,67.80499137129962,66.10738255033557,1.6976088209640494
COL4A5,ITGAV_ITGB8,78.25619834710744,77.63157894736842,0.6246193997390179
COL6A1,ITGAV_ITGB8,69.71916971916971,63.095238095238095,6.623931623931618
COL6A2,ITGAV_ITGB8,68.50182181067095,63.22033898305085,5.281482827620096
COL6A3,ITGAV_ITGB8,67.91277258566979,64.45666459154735,3.4561079941224335
COL9A1,ITGAV_ITGB8,77.28262261493148,74.16291854072963,3.1197040742018487
COL9A2,ITGAV_ITGB8,67.81609195402298,60.42918907518718,7.386902878835798
COL9A3,ITGAV_ITGB8,71.08262108262107,69.56521739130434,1.517403691
FN1,CD44,37.21480582524272,37.89473684210527,-0.679931017
COL1A1,CD44,36.20400760376117,38.87240356083086,-2.668395957
COL1A2,CD44,36.84210526315789,38.333333333333336,-1.49122807
COL4A1,CD44,36.44650687811618,36.11111111111111,0.3353957670050747
COL4A2,CD44,38.35048201705598,36,2.350482017055981
COL4A5,CD44,49.38734683670918,39.86486486486486,9.522481971844314
COL6A1,CD44,39.77272727272727,37.96296296296296,1.8097643097643115
COL6A2,CD44,38.03903890856162,37.16216216216216,0.8768767463994607
COL6A3,CD44,40.927820403523725,37.66116941529235,3.266650988231376
COL9A1,CD44,51.271186440677965,41.55681104833647,9.714375392341495
COL9A2,CD44,37.42690058479532,42.726631967035345,-5.299731382
COL9A3,CD44,46.706454465075154,43.455497382198956,3.250957082876198
THBS1,CD36,22.884721239285994,21.504296656080705,1.380424583
THBS2,CD36,22.55813953488372,20.224719101123593,2.333420433760125
THBS1,CD47,31.283947970268724,23.997303673744526,7.286644296524198
THBS2,CD47,31.88405797101449,24.80620155,7.077856421
ADGRE5,CD55,40.67796610169492,42.41573033707866,-1.737764235
APP,CD74,76.14102564102564,72.84768211920529,3.293343521820347
ENTPD1,ADORA2A,16.853932584269664,12.827575938058368,4.026356646211296
CD40LG,CD40,25.290697674418606,29.880011706175008,-4.589314032
PTPRC,MRC1,22.649840077875123,27.198446794448113,-4.548606717
CD80,CD274,20.792079207920793,24.324324324324326,-3.532245116
CD80,CD28,26.25,27.586206896551722,-1.336206897
CD80,CTLA4,17.20430107526882,24.637681159420293,-7.433380084
CD86,CD28,26.283507496592456,34.58254269449715,-8.299035198
CD86,CTLA4,19.95575221238938,24.53846153846154,-4.582709326
CDH1,CDH1,100,100,0
CDH1,ITGA2_ITGB1,63.91304347826087,68,-4.086956522
CDH5,CDH5,100,100,0
CD209,CEACAM1,18.11023622047244,15.833333333333332,2.2769028871391086
CLEC2D,KLRB1,25.85985213757634,24.581005586592177,1.2788465509841629
CLEC2B,KLRB1,21.607396870554766,20.58066361556064,1.0267332549941273
CD69,KLRB1,25.625300625300625,25.423728813559322,0.201571812
EFNA1,EPHA2,22.105263157894736,22.238417490890164,-0.133154333
EFNA1,EPHA3,18.181818181818183,18.318009387256478,-0.136191205
EFNA1,EPHA4,13.924050632911392,12.64269406392694,1.2813565689844513
EFNA1,EPHA7,12.76595744680851,11.284722222222221,1.481235224586289
EFNA4,EPHA2,21.27659574468085,21.311475409836063,-0.034879665
EFNA4,EPHA3,21.296296296296298,18.181818181818183,3.114478114478114
EFNA4,EPHA4,14.754098360655737,13.756613756613756,0.9974846040419809
EFNA4,EPHA7,14.285714285714285,10.909090909090908,3.3766233766233764
EFNA5,EPHA2,24.59016393442623,22.44851258581236,2.1416513486138697
EFNA5,EPHA3,22.123893805309734,16.98002350176263,5.143870303547104
EFNA5,EPHA4,13.636363636363635,14.368421052631579,-0.732057416
EFNA5,EPHA7,12.5,14.407407407407408,-1.907407407
EFNA5,EPHB2,29.20353982300885,22.483870967741936,6.719668855266914
EFNB1,EPHA4,11.842105263157894,10.500282645562464,1.3418226175954295
EFNB1,EPHB2,28.57142857142857,23.820754716981135,4.7506738544474345
EFNB1,EPHB3,24.561403508771928,20.250146713615024,4.311256795156904
EFNB1,EPHB4,21.98952879581152,21.342270771267792,0.6472580245437278
EFNB2,EPHA4,15.71157495256167,14.965034965034965,0.7465399875267043
EFNB2,EPHB2,24.75156704,28.947368421052634,-4.195801382
EFNB2,EPHB3,24.71853257432005,21.092843326885877,3.625689247434174
EFNB2,EPHB4,29.29580047680176,30.384828349944627,-1.089027873
EFNB3,EPHA4,24.324324324324326,13.043478260869565,11.280846063454762
EFNB3,EPHB2,36.231884057971016,33.116883116883116,3.1150009410878994
EFNB3,EPHB3,34.55882352941176,16.363636363636363,18.195187165775398
EFNB3,EPHB4,32.142857142857146,25.37313432835821,6.769722814498937
EFNB3,EPHB6,38.095238095238095,32.323232323232325,5.772005772
ESAM,ESAM,100,100,0
ICAM1,ITGAX_ITGB2,56.75675675675676,65.02333283155201,-8.266576075
ICAM1,ITGAL_ITGB2,52.38095238095239,59.69782433521354,-7.316871954
ICAM2,ITGAL_ITGB2,61.76470588235294,58.730158730158735,3.0345471521942073
ICAM1,ITGAM_ITGB2,48.37662337662338,63.39072514766872,-15.01410177
ICAM2,ITGAM_ITGB2,56.25,58.97435897435898,-2.724358974
ICAM1,ITGAL,23.66412213740458,25.511463844797177,-1.847341707
ICOSLG,ICOS,26.785714285714285,30.379936178699644,-3.594221893
ICOSLG,CD28,26.666666666666668,33.56128186699362,-6.8946152
ICOSLG,CTLA4,16.666666666666664,22.968062727098868,-6.30139606
ITGB2,ICAM1,31.379107981220656,30.837004405286343,0.5421035759343127
ITGB2,ICAM2,21.56174334140436,20,1.5617433414043589
HLA-A,CD8A,20.869500668085315,16.772832343583936,4.096668325
HLA-B,CD8A,21.271184102525194,17.077530697813717,4.193653404711476
HLA-C,CD8A,20.924890414555563,15.836900816040401,5.087989598515161
HLA-E,CD8A,22.78846153846154,18.823529411764707,3.9649321266968336
HLA-A,CD8B,12.45692980047756,10.109496290170211,2.347433510307349
HLA-B,CD8B,12.863378369238934,10.20880228688219,2.654576082356744
HLA-C,CD8B,13.196919273557098,9.967329242,3.2295900317018873
HLA-E,CD8B,13.61111111111111,12.083333333333334,1.5277777777777768
HLA-E,KLRK1,24.13768115942029,17.482517482517483,6.655163676902806
HLA-DPA1,CD4,32.04656735,35.88166204559458,-3.835094695
HLA-DPB1,CD4,34.42287124640066,35.92233009708738,-1.499458851
HLA-DQA1,CD4,33.11403509,36.95652173913043,-3.842486651
HLA-DQB1,CD4,31.404510981975772,37.391304347826086,-5.986793366
HLA-DRA,CD4,34.074551873981534,36.061353606623534,-1.986801733
HLA-DRB1,CD4,32.440770708423074,37.49218261413384,-5.051411906
HLA-DRB5,CD4,32.73381294964029,36.53846153846153,-3.804648589
DLL1,NOTCH1,32.87671232876712,38.983050847457626,-6.106338519
DLL1,NOTCH3,30.208333333333332,30.909090909090907,-0.700757576
JAG1,NOTCH1,32.092010199745005,29.361658456486044,2.730351743258961
JAG1,NOTCH2,20.829528158295282,17.983512999365885,2.846015158929397
JAG1,NOTCH3,32.25766871165644,35.81244337058291,-3.554774659
DLL1,NOTCH2,20.833333333333336,21.12676056338028,-0.29342723
CD274,PDCD1,12.28448275862069,13.953488372093023,-1.669005613
PDCD1LG2,PDCD1,13.450292397660817,11.235223402123822,2.2150689955369955
PECAM1,PECAM1,100,100,0
SELL,CD34,36.89613526570048,33.86363636363636,3.0324989020641198
SELPLG,SELL,24.848484848484848,28.81355932,-3.965074474
